school_type,dataset,path,size,md5
Förskola,"Anställda, andel (%) heltidstjänster med förskollärarexamen",https://skolverket-statistik.s3.eu-north-1.amazonaws.com/artisan/F%C3%B6rskola/Anst%C3%A4llda%2C%20andel%20%28%25%29%20heltidstj%C3%A4nster%20med%20f%C3%B6rskoll%C3%A4rarexamen.csv,24611,e9704a243d6d6ea7ec2641235202850c
Förskola,"Anställda, andel (%) heltidstjänster med förskollärarexamen, enskild regi",https://skolverket-statistik.s3.eu-north-1.amazonaws.com/artisan/F%C3%B6rskola/Anst%C3%A4llda%2C%20andel%20%28%25%29%20heltidstj%C3%A4nster%20med%20f%C3%B6rskoll%C3%A4rarexamen%2C%20enskild%20regi.csv,24278,b7f2d33090951379310bb0121dabba1d
Förskola,"Anställda, andel (%) heltidstjänster med förskollärarexamen, kommunal regi",https://skolverket-statistik.s3.eu-north-1.amazonaws.com/artisan/F%C3%B6rskola/Anst%C3%A4llda%2C%20andel%20%28%25%29%20heltidstj%C3%A4nster%20med%20f%C3%B6rskoll%C3%A4rarexamen%2C%20kommunal%20regi.csv,24611,0b72e68b242b97fe8da9be9f88072145
Förskola,"Anställda, andel (%) heltidstjänster med förskollärlegitimation",https://skolverket-statistik.s3.eu-north-1.amazonaws.com/artisan/F%C3%B6rskola/Anst%C3%A4llda%2C%20andel%20%28%25%29%20heltidstj%C3%A4nster%20med%20f%C3%B6rskoll%C3%A4rlegitimation.csv,23968,627c710ad3751404dc27c2cbb6960339
Förskola,"Anställda, andel (%) heltidstjänster med förskollärlegitimation, enskild regi",https://skolverket-statistik.s3.eu-north-1.amazonaws.com/artisan/F%C3%B6rskola/Anst%C3%A4llda%2C%20andel%20%28%25%29%20heltidstj%C3%A4nster%20med%20f%C3%B6rskoll%C3%A4rlegitimation%2C%20enskild%20regi.csv,23746,9e24e50405b1a5d3c02057adca1093ba
Förskola,"Anställda, andel (%) heltidstjänster med förskollärlegitimation, kommunal regi",https://skolverket-statistik.s3.eu-north-1.amazonaws.com/artisan/F%C3%B6rskola/Anst%C3%A4llda%2C%20andel%20%28%25%29%20heltidstj%C3%A4nster%20med%20f%C3%B6rskoll%C3%A4rlegitimation%2C%20kommunal%20regi.csv,23968,93fcdc4875bb850b8aec6facf5e5030d
Förskola,"Anställda, andel (%) heltidstjänster med gymnasial utbildning för arbete med barn",https://skolverket-statistik.s3.eu-north-1.amazonaws.com/artisan/F%C3%B6rskola/Anst%C3%A4llda%2C%20andel%20%28%25%29%20heltidstj%C3%A4nster%20med%20gymnasial%20utbildning%20f%C3%B6r%20arbete%20med%20barn.csv,23311,f25f10a8d8961c58658ff32f5bc309e9
Förskola,"Anställda, andel (%) heltidstjänster med gymnasial utbildning för arbete med barn, enskild regi",https://skolverket-statistik.s3.eu-north-1.amazonaws.com/artisan/F%C3%B6rskola/Anst%C3%A4llda%2C%20andel%20%28%25%29%20heltidstj%C3%A4nster%20med%20gymnasial%20utbildning%20f%C3%B6r%20arbete%20med%20barn%2C%20enskild%20regi.csv,23186,75c4f2082b126dc2a34f315e8dc5ebaa
Förskola,"Anställda, andel (%) heltidstjänster med gymnasial utbildning för arbete med barn, kommunal regi",https://skolverket-statistik.s3.eu-north-1.amazonaws.com/artisan/F%C3%B6rskola/Anst%C3%A4llda%2C%20andel%20%28%25%29%20heltidstj%C3%A4nster%20med%20gymnasial%20utbildning%20f%C3%B6r%20arbete%20med%20barn%2C%20kommunal%20regi.csv,23306,75db367dd421806c6b1832bca924de6f
Förskola,"Anställda, andel (%) heltidstjänster med pedagogisk högskoleexamen",https://skolverket-statistik.s3.eu-north-1.amazonaws.com/artisan/F%C3%B6rskola/Anst%C3%A4llda%2C%20andel%20%28%25%29%20heltidstj%C3%A4nster%20med%20pedagogisk%20h%C3%B6gskoleexamen.csv,24611,a573ba5404cfa6c7a29d789c1897ba00
Förskola,"Anställda, andel (%) heltidstjänster med pedagogisk högskoleexamen, enskild regi",https://skolverket-statistik.s3.eu-north-1.amazonaws.com/artisan/F%C3%B6rskola/Anst%C3%A4llda%2C%20andel%20%28%25%29%20heltidstj%C3%A4nster%20med%20pedagogisk%20h%C3%B6gskoleexamen%2C%20enskild%20regi.csv,24294,42c6215916eb2edb9db4d00ee9597c65
Förskola,"Anställda, andel (%) heltidstjänster med pedagogisk högskoleexamen, kommunal regi",https://skolverket-statistik.s3.eu-north-1.amazonaws.com/artisan/F%C3%B6rskola/Anst%C3%A4llda%2C%20andel%20%28%25%29%20heltidstj%C3%A4nster%20med%20pedagogisk%20h%C3%B6gskoleexamen%2C%20kommunal%20regi.csv,24611,5b6feaeaaef67493539033ba4571d6a7
Förskola,"Anställda, andel (%) heltidstjänster med viss pedagogisk utbildning",https://skolverket-statistik.s3.eu-north-1.amazonaws.com/artisan/F%C3%B6rskola/Anst%C3%A4llda%2C%20andel%20%28%25%29%20heltidstj%C3%A4nster%20med%20viss%20pedagogisk%20utbildning.csv,22758,a2082c939e9475da0585afcf0d6c7fe8
Förskola,"Anställda, andel (%) heltidstjänster med viss pedagogisk utbildning, enskild regi",https://skolverket-statistik.s3.eu-north-1.amazonaws.com/artisan/F%C3%B6rskola/Anst%C3%A4llda%2C%20andel%20%28%25%29%20heltidstj%C3%A4nster%20med%20viss%20pedagogisk%20utbildning%2C%20enskild%20regi.csv,22855,046dad50cdcb76375d9e7665e4f41a56
Förskola,"Anställda, andel (%) heltidstjänster med viss pedagogisk utbildning, kommunal regi",https://skolverket-statistik.s3.eu-north-1.amazonaws.com/artisan/F%C3%B6rskola/Anst%C3%A4llda%2C%20andel%20%28%25%29%20heltidstj%C3%A4nster%20med%20viss%20pedagogisk%20utbildning%2C%20kommunal%20regi.csv,22755,e78ae53d9ac117c4b01f7987509d9550
Förskola,"Anställda, andel (%) heltidstjänster med övrig utbildning",https://skolverket-statistik.s3.eu-north-1.amazonaws.com/artisan/F%C3%B6rskola/Anst%C3%A4llda%2C%20andel%20%28%25%29%20heltidstj%C3%A4nster%20med%20%C3%B6vrig%20utbildning.csv,24549,ac275fe19b559753916d29c86c947542
Förskola,"Anställda, andel (%) heltidstjänster med övrig utbildning, enskild regi.",https://skolverket-statistik.s3.eu-north-1.amazonaws.com/artisan/F%C3%B6rskola/Anst%C3%A4llda%2C%20andel%20%28%25%29%20heltidstj%C3%A4nster%20med%20%C3%B6vrig%20utbildning%2C%20enskild%20regi..csv,24270,e4c4a68c568fea5f0b32018e1244f04f
Förskola,"Anställda, andel (%) heltidstjänster med övrig utbildning, kommunal regi.",https://skolverket-statistik.s3.eu-north-1.amazonaws.com/artisan/F%C3%B6rskola/Anst%C3%A4llda%2C%20andel%20%28%25%29%20heltidstj%C3%A4nster%20med%20%C3%B6vrig%20utbildning%2C%20kommunal%20regi..csv,24514,2c324083354c67f6b82251a2ffcacf96
Förskola,"Anställda, andel (%) årsarbetare med annan utbildning för arbete med barn",https://skolverket-statistik.s3.eu-north-1.amazonaws.com/artisan/F%C3%B6rskola/Anst%C3%A4llda%2C%20andel%20%28%25%29%20%C3%A5rsarbetare%20med%20annan%20utbildning%20f%C3%B6r%20arbete%20med%20barn.csv,25160,bc85f960e221c454f3af183f2293a067
Förskola,"Anställda, andel (%) årsarbetare med annan utbildning för arbete med barn, enskild regi",https://skolverket-statistik.s3.eu-north-1.amazonaws.com/artisan/F%C3%B6rskola/Anst%C3%A4llda%2C%20andel%20%28%25%29%20%C3%A5rsarbetare%20med%20annan%20utbildning%20f%C3%B6r%20arbete%20med%20barn%2C%20enskild%20regi.csv,26557,6dcbfb37a6ea9903304a3112076581c5
Förskola,"Anställda, andel (%) årsarbetare med annan utbildning för arbete med barn, kommunal regi",https://skolverket-statistik.s3.eu-north-1.amazonaws.com/artisan/F%C3%B6rskola/Anst%C3%A4llda%2C%20andel%20%28%25%29%20%C3%A5rsarbetare%20med%20annan%20utbildning%20f%C3%B6r%20arbete%20med%20barn%2C%20kommunal%20regi.csv,25157,1c1a9377bfdda343af25ad3602ca2964
Förskola,"Anställda, andel (%) årsarbetare med förskollärarutbildning, enskild regi",https://skolverket-statistik.s3.eu-north-1.amazonaws.com/artisan/F%C3%B6rskola/Anst%C3%A4llda%2C%20andel%20%28%25%29%20%C3%A5rsarbetare%20med%20f%C3%B6rskoll%C3%A4rarutbildning%2C%20enskild%20regi.csv,23234,46c91d4e5d4d667fb8bcb486d3a6c403
Förskola,"Anställda, andel (%) årsarbetare med förskollärarutbildning, kommunal regi",https://skolverket-statistik.s3.eu-north-1.amazonaws.com/artisan/F%C3%B6rskola/Anst%C3%A4llda%2C%20andel%20%28%25%29%20%C3%A5rsarbetare%20med%20f%C3%B6rskoll%C3%A4rarutbildning%2C%20kommunal%20regi.csv,23327,ab86de072d80f88c24d4b30fe51fe282
Förskola,"Anställda, andel (%) årsarbetare med förskollärarutbildning, totalt",https://skolverket-statistik.s3.eu-north-1.amazonaws.com/artisan/F%C3%B6rskola/Anst%C3%A4llda%2C%20andel%20%28%25%29%20%C3%A5rsarbetare%20med%20f%C3%B6rskoll%C3%A4rarutbildning%2C%20totalt.csv,23327,e53ffff956a3befc48200d808919a412
Förskola,"Anställda, andel (%) årsarbetare med pedagogisk högskoleutbildning",https://skolverket-statistik.s3.eu-north-1.amazonaws.com/artisan/F%C3%B6rskola/Anst%C3%A4llda%2C%20andel%20%28%25%29%20%C3%A5rsarbetare%20med%20pedagogisk%20h%C3%B6gskoleutbildning.csv,26133,0ef6094c550bdd4a658e18f13d566bd8
Förskola,"Anställda, andel (%) årsarbetare med pedagogisk högskoleutbildning, enskild regi",https://skolverket-statistik.s3.eu-north-1.amazonaws.com/artisan/F%C3%B6rskola/Anst%C3%A4llda%2C%20andel%20%28%25%29%20%C3%A5rsarbetare%20med%20pedagogisk%20h%C3%B6gskoleutbildning%2C%20enskild%20regi.csv,28706,6a0228fd367bf868fa38aa99a7169f96
Förskola,"Anställda, andel (%) årsarbetare med pedagogisk högskoleutbildning, kommunal regi",https://skolverket-statistik.s3.eu-north-1.amazonaws.com/artisan/F%C3%B6rskola/Anst%C3%A4llda%2C%20andel%20%28%25%29%20%C3%A5rsarbetare%20med%20pedagogisk%20h%C3%B6gskoleutbildning%2C%20kommunal%20regi.csv,27882,4186c89fb2fc5451d393615d3ab79ed5
Förskola,"Anställda, andel (%) årsarbetare med utbildning för arbete med barn, enskild regi",https://skolverket-statistik.s3.eu-north-1.amazonaws.com/artisan/F%C3%B6rskola/Anst%C3%A4llda%2C%20andel%20%28%25%29%20%C3%A5rsarbetare%20med%20utbildning%20f%C3%B6r%20arbete%20med%20barn%2C%20enskild%20regi.csv,22995,802cdce2efcc2bf743acc96b18759353
Förskola,"Anställda, andel (%) årsarbetare med utbilning för arbete med barn, kommunal regi",https://skolverket-statistik.s3.eu-north-1.amazonaws.com/artisan/F%C3%B6rskola/Anst%C3%A4llda%2C%20andel%20%28%25%29%20%C3%A5rsarbetare%20med%20utbilning%20f%C3%B6r%20arbete%20med%20barn%2C%20kommunal%20regi.csv,23136,f63937857161f3d07995220ffdfd6031
Förskola,"Anställda, antal heltidstjänster i enskild regi",https://skolverket-statistik.s3.eu-north-1.amazonaws.com/artisan/F%C3%B6rskola/Anst%C3%A4llda%2C%20antal%20heltidstj%C3%A4nster%20i%20enskild%20regi.csv,28039,918e20838a731887f094805ee594ad20
Förskola,"Anställda, antal heltidstjänster i kommunal regi",https://skolverket-statistik.s3.eu-north-1.amazonaws.com/artisan/F%C3%B6rskola/Anst%C3%A4llda%2C%20antal%20heltidstj%C3%A4nster%20i%20kommunal%20regi.csv,34531,f9989ad4ea04fe2c54c1b1a19f994269
Förskola,"Anställda, antal heltidstjänster totalt",https://skolverket-statistik.s3.eu-north-1.amazonaws.com/artisan/F%C3%B6rskola/Anst%C3%A4llda%2C%20antal%20heltidstj%C3%A4nster%20totalt.csv,32906,66aabf8249510bdebe3897d22b055b96
Förskola,"Anställda, resurs- och stödpersonal, antal årsarbetare",https://skolverket-statistik.s3.eu-north-1.amazonaws.com/artisan/F%C3%B6rskola/Anst%C3%A4llda%2C%20resurs-%20och%20st%C3%B6dpersonal%2C%20antal%20%C3%A5rsarbetare.csv,23116,65cc7093b9acf613cdaa069056a58fd0
Förskola,"Anställda, resurs- och stödpersonal, antal årsarbetare i enskild regi",https://skolverket-statistik.s3.eu-north-1.amazonaws.com/artisan/F%C3%B6rskola/Anst%C3%A4llda%2C%20resurs-%20och%20st%C3%B6dpersonal%2C%20antal%20%C3%A5rsarbetare%20i%20enskild%20regi.csv,22801,068a67ad31718f5760e7e72701a5df12
Förskola,"Anställda, resurs- och stödpersonal, antal årsarbetare i kommunal regi",https://skolverket-statistik.s3.eu-north-1.amazonaws.com/artisan/F%C3%B6rskola/Anst%C3%A4llda%2C%20resurs-%20och%20st%C3%B6dpersonal%2C%20antal%20%C3%A5rsarbetare%20i%20kommunal%20regi.csv,23055,d12b1eb0db9a796a93850357cc5c746e
Förskola,Antal barn per årsarbetande förskollärare,https://skolverket-statistik.s3.eu-north-1.amazonaws.com/artisan/F%C3%B6rskola/Antal%20barn%20per%20%C3%A5rsarbetande%20f%C3%B6rskoll%C3%A4rare.csv,26922,705fff9d91f076b83ce6b55a00cf4900
Förskola,"Antal barn per årsarbetande förskollärare, enskild regi",https://skolverket-statistik.s3.eu-north-1.amazonaws.com/artisan/F%C3%B6rskola/Antal%20barn%20per%20%C3%A5rsarbetande%20f%C3%B6rskoll%C3%A4rare%2C%20enskild%20regi.csv,27088,4c4b255caf5c8d0d2bca2e976db9ba17
Förskola,"Antal barn per årsarbetande förskollärare, kommunal regi",https://skolverket-statistik.s3.eu-north-1.amazonaws.com/artisan/F%C3%B6rskola/Antal%20barn%20per%20%C3%A5rsarbetande%20f%C3%B6rskoll%C3%A4rare%2C%20kommunal%20regi.csv,26871,ce823a9fedeb3f2dcb676e0fc0945e88
Förskola,"Avdelningar, andel (%) med 16-17 barn",https://skolverket-statistik.s3.eu-north-1.amazonaws.com/artisan/F%C3%B6rskola/Avdelningar%2C%20andel%20%28%25%29%20med%2016-17%20barn.csv,25606,b5d8777fb2ccc79473a84e6f224ca34c
Förskola,"Avdelningar, andel (%) med 16-17 barn, enskild regi",https://skolverket-statistik.s3.eu-north-1.amazonaws.com/artisan/F%C3%B6rskola/Avdelningar%2C%20andel%20%28%25%29%20med%2016-17%20barn%2C%20enskild%20regi.csv,23364,ffae26d65dbe5ebda22f9f01e621824a
Förskola,"Avdelningar, andel (%) med 16-17 barn, kommunal regi",https://skolverket-statistik.s3.eu-north-1.amazonaws.com/artisan/F%C3%B6rskola/Avdelningar%2C%20andel%20%28%25%29%20med%2016-17%20barn%2C%20kommunal%20regi.csv,23753,24bd6168026db539a39900c4953d9ae1
Förskola,"Avdelningar, andel (%) med 18 barn eller fler, totalt (1998)",https://skolverket-statistik.s3.eu-north-1.amazonaws.com/artisan/F%C3%B6rskola/Avdelningar%2C%20andel%20%28%25%29%20med%2018%20barn%20eller%20fler%2C%20totalt%20%281998%29.csv,22970,d2513efadc892bc8345c956ea42f6552
Förskola,"Avdelningar, andel (%) med 18-20 barn",https://skolverket-statistik.s3.eu-north-1.amazonaws.com/artisan/F%C3%B6rskola/Avdelningar%2C%20andel%20%28%25%29%20med%2018-20%20barn.csv,25909,3c75d453a1d1c2b77ff22598bcdce398
Förskola,"Avdelningar, andel (%) med 18-20 barn, enskild regi",https://skolverket-statistik.s3.eu-north-1.amazonaws.com/artisan/F%C3%B6rskola/Avdelningar%2C%20andel%20%28%25%29%20med%2018-20%20barn%2C%20enskild%20regi.csv,23488,4e51e7e593485551c35945e577bcbd83
Förskola,"Avdelningar, andel (%) med 18-20 barn, kommunal regi",https://skolverket-statistik.s3.eu-north-1.amazonaws.com/artisan/F%C3%B6rskola/Avdelningar%2C%20andel%20%28%25%29%20med%2018-20%20barn%2C%20kommunal%20regi.csv,23865,07a006bce553812136be74767ed47305
Förskola,"Avdelningar, andel (%) med 21-25 barn",https://skolverket-statistik.s3.eu-north-1.amazonaws.com/artisan/F%C3%B6rskola/Avdelningar%2C%20andel%20%28%25%29%20med%2021-25%20barn.csv,24742,9a49328003c2bcb4cd73ed31da5c36ac
Förskola,"Avdelningar, andel (%) med 21-25 barn, enskild regi",https://skolverket-statistik.s3.eu-north-1.amazonaws.com/artisan/F%C3%B6rskola/Avdelningar%2C%20andel%20%28%25%29%20med%2021-25%20barn%2C%20enskild%20regi.csv,23354,50203794f5a45245068c8a533f8a5065
Förskola,"Avdelningar, andel (%) med 21-25 barn, kommunal regi",https://skolverket-statistik.s3.eu-north-1.amazonaws.com/artisan/F%C3%B6rskola/Avdelningar%2C%20andel%20%28%25%29%20med%2021-25%20barn%2C%20kommunal%20regi.csv,23510,4539f98a5f683d19f36b1b3a021bc7c3
Förskola,"Avdelningar, andel (%) med 26 barn eller fler",https://skolverket-statistik.s3.eu-north-1.amazonaws.com/artisan/F%C3%B6rskola/Avdelningar%2C%20andel%20%28%25%29%20med%2026%20barn%20eller%20fler.csv,22924,f5f5a591c78c68e432377d9172b333a5
Förskola,"Avdelningar, andel (%) med 26 barn eller fler, enskild regi",https://skolverket-statistik.s3.eu-north-1.amazonaws.com/artisan/F%C3%B6rskola/Avdelningar%2C%20andel%20%28%25%29%20med%2026%20barn%20eller%20fler%2C%20enskild%20regi.csv,22929,8770ca3343373f1a3e4f0dadffb1dbb9
Förskola,"Avdelningar, andel (%) med 26 barn eller fler, kommunal regi",https://skolverket-statistik.s3.eu-north-1.amazonaws.com/artisan/F%C3%B6rskola/Avdelningar%2C%20andel%20%28%25%29%20med%2026%20barn%20eller%20fler%2C%20kommunal%20regi.csv,22805,39a3e7201081817cf10d2e441b98f9be
Förskola,"Avdelningar, andel (%) med upp till 15 barn",https://skolverket-statistik.s3.eu-north-1.amazonaws.com/artisan/F%C3%B6rskola/Avdelningar%2C%20andel%20%28%25%29%20med%20upp%20till%2015%20barn.csv,26031,f28b56c751d28c89a886247d36f0d241
Förskola,"Avdelningar, andel (%) med upp till 15 barn, enskild regi",https://skolverket-statistik.s3.eu-north-1.amazonaws.com/artisan/F%C3%B6rskola/Avdelningar%2C%20andel%20%28%25%29%20med%20upp%20till%2015%20barn%2C%20enskild%20regi.csv,23679,54e12c203b921d8b88f585087088c686
Förskola,"Avdelningar, andel (%) med upp till 15 barn, kommunal regi",https://skolverket-statistik.s3.eu-north-1.amazonaws.com/artisan/F%C3%B6rskola/Avdelningar%2C%20andel%20%28%25%29%20med%20upp%20till%2015%20barn%2C%20kommunal%20regi.csv,23925,ab7daccca85d9a25376fa487a150ce98
Förskola,"Barn 0-3 år, andel (%) i avdelningar med 16 barn eller fler",https://skolverket-statistik.s3.eu-north-1.amazonaws.com/artisan/F%C3%B6rskola/Barn%200-3%20%C3%A5r%2C%20andel%20%28%25%29%20i%20avdelningar%20med%2016%20barn%20eller%20fler.csv,22981,c22c6dfdb4e38676a1f6bcb810834dcc
Förskola,"Barn 0-3 år, andel av inskrivna",https://skolverket-statistik.s3.eu-north-1.amazonaws.com/artisan/F%C3%B6rskola/Barn%200-3%20%C3%A5r%2C%20andel%20av%20inskrivna.csv,27874,a0996c737f623d8306d623455405ce21
Förskola,"Barn 1-5 år, andel (%) av befolkningen",https://skolverket-statistik.s3.eu-north-1.amazonaws.com/artisan/F%C3%B6rskola/Barn%201-5%20%C3%A5r%2C%20andel%20%28%25%29%20av%20befolkningen.csv,29519,08cdfd5a26645407dae1bfe298b0e6b3
Förskola,"Barn 1-5 år, andel (%) i enskild regi av befolkningen",https://skolverket-statistik.s3.eu-north-1.amazonaws.com/artisan/F%C3%B6rskola/Barn%201-5%20%C3%A5r%2C%20andel%20%28%25%29%20i%20enskild%20regi%20av%20befolkningen.csv,24495,01336b27d2cdbd71a54ede371c64285e
Förskola,"Barn 1-5 år, andel (%) i kommunal regi av befolkningen",https://skolverket-statistik.s3.eu-north-1.amazonaws.com/artisan/F%C3%B6rskola/Barn%201-5%20%C3%A5r%2C%20andel%20%28%25%29%20i%20kommunal%20regi%20av%20befolkningen.csv,22971,80ba24a69fe531568c2c1bd079a9ec82
Förskola,"Barn 1-5 år, andel (%) med annat modersmål än svenska",https://skolverket-statistik.s3.eu-north-1.amazonaws.com/artisan/F%C3%B6rskola/Barn%201-5%20%C3%A5r%2C%20andel%20%28%25%29%20med%20annat%20modersm%C3%A5l%20%C3%A4n%20svenska.csv,24656,62d0b404ae44434587e7970b045ea8ee
Förskola,"Barn 1-5 år, andel (%) med modersmålsstöd/möjlighet att utveckla sitt modersmål, av dem med annat modersmål än svenska",https://skolverket-statistik.s3.eu-north-1.amazonaws.com/artisan/F%C3%B6rskola/Barn%201-5%20%C3%A5r%2C%20andel%20%28%25%29%20med%20modersm%C3%A5lsst%C3%B6d/m%C3%B6jlighet%20att%20utveckla%20sitt%20modersm%C3%A5l%2C%20av%20dem%20med%20annat%20modersm%C3%A5l%20%C3%A4n%20svenska.csv,24028,4d1b1444f48281aa18687bff66891e52
Förskola,"Barn 1-5 år, andel med modersmålsstöd",https://skolverket-statistik.s3.eu-north-1.amazonaws.com/artisan/F%C3%B6rskola/Barn%201-5%20%C3%A5r%2C%20andel%20med%20modersm%C3%A5lsst%C3%B6d.csv,22689,ad8b698c8a29098619dc3db0e5cb1ed6
Förskola,"Barn 1-5 år, antal i kommunen",https://skolverket-statistik.s3.eu-north-1.amazonaws.com/artisan/F%C3%B6rskola/Barn%201-5%20%C3%A5r%2C%20antal%20i%20kommunen.csv,43344,720bc67c88904f69a975ce1f3b249afc
Förskola,"Barn 1-6 år, antal i kommunen 31/12",https://skolverket-statistik.s3.eu-north-1.amazonaws.com/artisan/F%C3%B6rskola/Barn%201-6%20%C3%A5r%2C%20antal%20i%20kommunen%2031/12.csv,25534,738063b4107ad435275a24530dfb2855
Förskola,"Barn, andel (%) i enskild regi",https://skolverket-statistik.s3.eu-north-1.amazonaws.com/artisan/F%C3%B6rskola/Barn%2C%20andel%20%28%25%29%20i%20enskild%20regi.csv,26347,c48d9309dbbbe7e53134cfb1acd3082a
Förskola,"Barn, andel (%) i kommunal regi",https://skolverket-statistik.s3.eu-north-1.amazonaws.com/artisan/F%C3%B6rskola/Barn%2C%20andel%20%28%25%29%20i%20kommunal%20regi.csv,24883,43b546af3e7939f74ac45bc11fa1c373
Förskola,"Barn, totalt antal inskrivna",https://skolverket-statistik.s3.eu-north-1.amazonaws.com/artisan/F%C3%B6rskola/Barn%2C%20totalt%20antal%20inskrivna.csv,43020,a069d77e9fc79513b26a15157d29fd27
Förskola,"Barngrupp, antal barn per barngrupp",https://skolverket-statistik.s3.eu-north-1.amazonaws.com/artisan/F%C3%B6rskola/Barngrupp%2C%20antal%20barn%20per%20barngrupp.csv,49297,2265da454d1d2cacd71ec89ffbaadcc6
Förskola,"Barngrupp, antal barn per barngrupp, enskild regi",https://skolverket-statistik.s3.eu-north-1.amazonaws.com/artisan/F%C3%B6rskola/Barngrupp%2C%20antal%20barn%20per%20barngrupp%2C%20enskild%20regi.csv,36105,67f28251b35f87ca321e0a291b055815
Förskola,"Barngrupp, antal barn per barngrupp, kommunal regi",https://skolverket-statistik.s3.eu-north-1.amazonaws.com/artisan/F%C3%B6rskola/Barngrupp%2C%20antal%20barn%20per%20barngrupp%2C%20kommunal%20regi.csv,38712,a13c6768b03c7bebbdc74815ad342f2d
Förskola,"Barngrupper med barn 4-5 år, andel (%) med 10-12 barn",https://skolverket-statistik.s3.eu-north-1.amazonaws.com/artisan/F%C3%B6rskola/Barngrupper%20med%20barn%204-5%20%C3%A5r%2C%20andel%20%28%25%29%20med%2010-12%20barn.csv,23280,d51c6b8f85502dd087d1657f9dda3d19
Förskola,"Barngrupper med barn 4-5 år, andel (%) med 10-12 barn, enskild regi",https://skolverket-statistik.s3.eu-north-1.amazonaws.com/artisan/F%C3%B6rskola/Barngrupper%20med%20barn%204-5%20%C3%A5r%2C%20andel%20%28%25%29%20med%2010-12%20barn%2C%20enskild%20regi.csv,23021,64797039ff3926bd630d06de5d79d359
Förskola,"Barngrupper med barn 4-5 år, andel (%) med 10-12 barn, kommunal regi",https://skolverket-statistik.s3.eu-north-1.amazonaws.com/artisan/F%C3%B6rskola/Barngrupper%20med%20barn%204-5%20%C3%A5r%2C%20andel%20%28%25%29%20med%2010-12%20barn%2C%20kommunal%20regi.csv,23213,2e9816dc9a1a114790ce0898f13f8088
Förskola,"Barngrupper med barn 4-5 år, andel (%) med 13-15 barn",https://skolverket-statistik.s3.eu-north-1.amazonaws.com/artisan/F%C3%B6rskola/Barngrupper%20med%20barn%204-5%20%C3%A5r%2C%20andel%20%28%25%29%20med%2013-15%20barn.csv,23472,880adc2b9ddcef7e4d3639831e0b3f11
Förskola,"Barngrupper med barn 4-5 år, andel (%) med 13-15 barn, enskild regi",https://skolverket-statistik.s3.eu-north-1.amazonaws.com/artisan/F%C3%B6rskola/Barngrupper%20med%20barn%204-5%20%C3%A5r%2C%20andel%20%28%25%29%20med%2013-15%20barn%2C%20enskild%20regi.csv,23087,037ab564b99150848a3d2acca7a7cbbc
Förskola,"Barngrupper med barn 4-5 år, andel (%) med 13-15 barn, kommunal regi",https://skolverket-statistik.s3.eu-north-1.amazonaws.com/artisan/F%C3%B6rskola/Barngrupper%20med%20barn%204-5%20%C3%A5r%2C%20andel%20%28%25%29%20med%2013-15%20barn%2C%20kommunal%20regi.csv,23396,396cfc0d29bd02546060ecda1ca67e44
Förskola,"Barngrupper med barn 4-5 år, andel (%) med 16-18 barn",https://skolverket-statistik.s3.eu-north-1.amazonaws.com/artisan/F%C3%B6rskola/Barngrupper%20med%20barn%204-5%20%C3%A5r%2C%20andel%20%28%25%29%20med%2016-18%20barn.csv,23506,b2c6a14fa996d1174b4ce9faeabb864f
Förskola,"Barngrupper med barn 4-5 år, andel (%) med 16-18 barn, enkild regi",https://skolverket-statistik.s3.eu-north-1.amazonaws.com/artisan/F%C3%B6rskola/Barngrupper%20med%20barn%204-5%20%C3%A5r%2C%20andel%20%28%25%29%20med%2016-18%20barn%2C%20enkild%20regi.csv,23028,0fe0fe7d45e9ea12f508e10af7bfce0f
Förskola,"Barngrupper med barn 4-5 år, andel (%) med 16-18 barn, kommunal regi",https://skolverket-statistik.s3.eu-north-1.amazonaws.com/artisan/F%C3%B6rskola/Barngrupper%20med%20barn%204-5%20%C3%A5r%2C%20andel%20%28%25%29%20med%2016-18%20barn%2C%20kommunal%20regi.csv,23459,46fc9cfecbc9de8f9ff7113299d5fe6e
Förskola,"Barngrupper med barn 4-5 år, andel (%) med 19-21 barn",https://skolverket-statistik.s3.eu-north-1.amazonaws.com/artisan/F%C3%B6rskola/Barngrupper%20med%20barn%204-5%20%C3%A5r%2C%20andel%20%28%25%29%20med%2019-21%20barn.csv,23620,f0b51a440f549e8eb795b3d4ee0c74ac
Förskola,"Barngrupper med barn 4-5 år, andel (%) med 19-21 barn, enskild regi",https://skolverket-statistik.s3.eu-north-1.amazonaws.com/artisan/F%C3%B6rskola/Barngrupper%20med%20barn%204-5%20%C3%A5r%2C%20andel%20%28%25%29%20med%2019-21%20barn%2C%20enskild%20regi.csv,22947,0265490c7db5179bb0405aaaef6ce1eb
Förskola,"Barngrupper med barn 4-5 år, andel (%) med 19-21 barn, kommunal regi",https://skolverket-statistik.s3.eu-north-1.amazonaws.com/artisan/F%C3%B6rskola/Barngrupper%20med%20barn%204-5%20%C3%A5r%2C%20andel%20%28%25%29%20med%2019-21%20barn%2C%20kommunal%20regi.csv,23618,e9aa057539a6cf6dd81b283bc440a288
Förskola,"Barngrupper med barn 4-5 år, andel (%) med 22-24 barn",https://skolverket-statistik.s3.eu-north-1.amazonaws.com/artisan/F%C3%B6rskola/Barngrupper%20med%20barn%204-5%20%C3%A5r%2C%20andel%20%28%25%29%20med%2022-24%20barn.csv,23240,e406e568d2798cad48ce51520e3095a7
Förskola,"Barngrupper med barn 4-5 år, andel (%) med 22-24 barn, enskild regi",https://skolverket-statistik.s3.eu-north-1.amazonaws.com/artisan/F%C3%B6rskola/Barngrupper%20med%20barn%204-5%20%C3%A5r%2C%20andel%20%28%25%29%20med%2022-24%20barn%2C%20enskild%20regi.csv,22847,603e4d1b11c6b8d334c91fe075bd05f5
Förskola,"Barngrupper med barn 4-5 år, andel (%) med 22-24 barn, kommunal regi",https://skolverket-statistik.s3.eu-north-1.amazonaws.com/artisan/F%C3%B6rskola/Barngrupper%20med%20barn%204-5%20%C3%A5r%2C%20andel%20%28%25%29%20med%2022-24%20barn%2C%20kommunal%20regi.csv,23247,f714863660b5a5c23c6adf267c0d869e
Förskola,"Barngrupper med barn 4-5 år, andel (%) med 25-27 barn",https://skolverket-statistik.s3.eu-north-1.amazonaws.com/artisan/F%C3%B6rskola/Barngrupper%20med%20barn%204-5%20%C3%A5r%2C%20andel%20%28%25%29%20med%2025-27%20barn.csv,22792,7fa20cab53a641ca2471052c17f1d8a4
Förskola,"Barngrupper med barn 4-5 år, andel (%) med 25-27 barn, enskild regi",https://skolverket-statistik.s3.eu-north-1.amazonaws.com/artisan/F%C3%B6rskola/Barngrupper%20med%20barn%204-5%20%C3%A5r%2C%20andel%20%28%25%29%20med%2025-27%20barn%2C%20enskild%20regi.csv,22709,27c5f61cf7d34dcb10a79961c27ff4a3
Förskola,"Barngrupper med barn 4-5 år, andel (%) med 25-27 barn, kommunal regi",https://skolverket-statistik.s3.eu-north-1.amazonaws.com/artisan/F%C3%B6rskola/Barngrupper%20med%20barn%204-5%20%C3%A5r%2C%20andel%20%28%25%29%20med%2025-27%20barn%2C%20kommunal%20regi.csv,22798,a3c5f9f3feeee2a4860ac21f5a619fb9
Förskola,"Barngrupper med barn 4-5 år, andel (%) med 28 barn eller fler",https://skolverket-statistik.s3.eu-north-1.amazonaws.com/artisan/F%C3%B6rskola/Barngrupper%20med%20barn%204-5%20%C3%A5r%2C%20andel%20%28%25%29%20med%2028%20barn%20eller%20fler.csv,22759,46738302f39abe4ab553cfec188c9a91
Förskola,"Barngrupper med barn 4-5 år, andel (%) med 28 barn eller fler, enskild regi",https://skolverket-statistik.s3.eu-north-1.amazonaws.com/artisan/F%C3%B6rskola/Barngrupper%20med%20barn%204-5%20%C3%A5r%2C%20andel%20%28%25%29%20med%2028%20barn%20eller%20fler%2C%20enskild%20regi.csv,22720,33ffe10618e41ef95a2d666a8b434e65
Förskola,"Barngrupper med barn 4-5 år, andel (%) med 28 barn eller fler, kommunal regi",https://skolverket-statistik.s3.eu-north-1.amazonaws.com/artisan/F%C3%B6rskola/Barngrupper%20med%20barn%204-5%20%C3%A5r%2C%20andel%20%28%25%29%20med%2028%20barn%20eller%20fler%2C%20kommunal%20regi.csv,22765,97093f0a78df0c4adb0a7aa083c6140a
Förskola,"Barngrupper med barn 4-5 år, andel (%) med 9 barn eller färre",https://skolverket-statistik.s3.eu-north-1.amazonaws.com/artisan/F%C3%B6rskola/Barngrupper%20med%20barn%204-5%20%C3%A5r%2C%20andel%20%28%25%29%20med%209%20barn%20eller%20f%C3%A4rre.csv,23160,0a05a1a7c29b759fb91de907220327a2
Förskola,"Barngrupper med barn 4-5 år, andel (%) med 9 barn eller färre, enskild regi",https://skolverket-statistik.s3.eu-north-1.amazonaws.com/artisan/F%C3%B6rskola/Barngrupper%20med%20barn%204-5%20%C3%A5r%2C%20andel%20%28%25%29%20med%209%20barn%20eller%20f%C3%A4rre%2C%20enskild%20regi.csv,23118,289453f7ee9c79d7af32b515b77a306d
Förskola,"Barngrupper med barn 4-5 år, andel (%) med 9 barn eller färre, kommunal regi",https://skolverket-statistik.s3.eu-north-1.amazonaws.com/artisan/F%C3%B6rskola/Barngrupper%20med%20barn%204-5%20%C3%A5r%2C%20andel%20%28%25%29%20med%209%20barn%20eller%20f%C3%A4rre%2C%20kommunal%20regi.csv,23032,08c79ccb59ba97e0caa78ca4e64839d0
Förskola,"Barngrupper med barn 4-5 år, antal barn per barngrupp",https://skolverket-statistik.s3.eu-north-1.amazonaws.com/artisan/F%C3%B6rskola/Barngrupper%20med%20barn%204-5%20%C3%A5r%2C%20antal%20barn%20per%20barngrupp.csv,28825,4534bfedd43c1f81a5eaf6a4b9fcc1bf
Förskola,"Barngrupper med barn 4-5 år, antal barn per barngrupp, enskild regi",https://skolverket-statistik.s3.eu-north-1.amazonaws.com/artisan/F%C3%B6rskola/Barngrupper%20med%20barn%204-5%20%C3%A5r%2C%20antal%20barn%20per%20barngrupp%2C%20enskild%20regi.csv,26035,bdf3d6bedd773d15bdacb1e43763c1c0
Förskola,"Barngrupper med barn 4-5 år, antal barn per barngrupp, kommunal regi",https://skolverket-statistik.s3.eu-north-1.amazonaws.com/artisan/F%C3%B6rskola/Barngrupper%20med%20barn%204-5%20%C3%A5r%2C%20antal%20barn%20per%20barngrupp%2C%20kommunal%20regi.csv,28698,0484cd70cbe886a58c4e95590c8234db
Förskola,"Barngrupper med barn 4-5 år, totalt antal",https://skolverket-statistik.s3.eu-north-1.amazonaws.com/artisan/F%C3%B6rskola/Barngrupper%20med%20barn%204-5%20%C3%A5r%2C%20totalt%20antal.csv,23378,efa0ac3c4f070ca34b692870e73ecebc
Förskola,"Barngrupper med barn 4-5 år, totalt antal barngrupper, enskild regi",https://skolverket-statistik.s3.eu-north-1.amazonaws.com/artisan/F%C3%B6rskola/Barngrupper%20med%20barn%204-5%20%C3%A5r%2C%20totalt%20antal%20barngrupper%2C%20enskild%20regi.csv,22880,6882314a3b890b10fe033d36ef3aa717
Förskola,"Barngrupper med barn 4-5 år, totalt antal barngrupper, kommunal regi",https://skolverket-statistik.s3.eu-north-1.amazonaws.com/artisan/F%C3%B6rskola/Barngrupper%20med%20barn%204-5%20%C3%A5r%2C%20totalt%20antal%20barngrupper%2C%20kommunal%20regi.csv,23285,325881ebe6df84b1be729f4ca3a0ee87
Förskola,"Barngrupper totalt, antal",https://skolverket-statistik.s3.eu-north-1.amazonaws.com/artisan/F%C3%B6rskola/Barngrupper%20totalt%2C%20antal.csv,29965,f96706d1fe8211fa987c5cda0075d503
Förskola,"Barngrupper, andel (%) med 10-12 barn",https://skolverket-statistik.s3.eu-north-1.amazonaws.com/artisan/F%C3%B6rskola/Barngrupper%2C%20andel%20%28%25%29%20med%2010-12%20barn.csv,24053,7970dbe75b14c619cc81959aa70e8c16
Förskola,"Barngrupper, andel (%) med 10-12 barn, enskild regi",https://skolverket-statistik.s3.eu-north-1.amazonaws.com/artisan/F%C3%B6rskola/Barngrupper%2C%20andel%20%28%25%29%20med%2010-12%20barn%2C%20enskild%20regi.csv,23767,949f6c6e837901c0082e51ee1c1fd425
Förskola,"Barngrupper, andel (%) med 10-12 barn, kommunal regi",https://skolverket-statistik.s3.eu-north-1.amazonaws.com/artisan/F%C3%B6rskola/Barngrupper%2C%20andel%20%28%25%29%20med%2010-12%20barn%2C%20kommunal%20regi.csv,23961,b1361d7aaa69a8877db5fb746ef871ce
Förskola,"Barngrupper, andel (%) med 13-15 barn",https://skolverket-statistik.s3.eu-north-1.amazonaws.com/artisan/F%C3%B6rskola/Barngrupper%2C%20andel%20%28%25%29%20med%2013-15%20barn.csv,24546,1a6bcc0a0dfdee157a2ca5d088df094e
Förskola,"Barngrupper, andel (%) med 13-15 barn, enskild regi",https://skolverket-statistik.s3.eu-north-1.amazonaws.com/artisan/F%C3%B6rskola/Barngrupper%2C%20andel%20%28%25%29%20med%2013-15%20barn%2C%20enskild%20regi.csv,23916,2673bbaaecfc3af2d80a323d8821068e
Förskola,"Barngrupper, andel (%) med 13-15 barn, kommunal regi",https://skolverket-statistik.s3.eu-north-1.amazonaws.com/artisan/F%C3%B6rskola/Barngrupper%2C%20andel%20%28%25%29%20med%2013-15%20barn%2C%20kommunal%20regi.csv,24531,6d2058a5266a92af1c53ae3157036541
Förskola,"Barngrupper, andel (%) med 16-18 barn",https://skolverket-statistik.s3.eu-north-1.amazonaws.com/artisan/F%C3%B6rskola/Barngrupper%2C%20andel%20%28%25%29%20med%2016-18%20barn.csv,24481,4e85fd049124badc3ee0d3a2244e661b
Förskola,"Barngrupper, andel (%) med 16-18 barn, enskild regi",https://skolverket-statistik.s3.eu-north-1.amazonaws.com/artisan/F%C3%B6rskola/Barngrupper%2C%20andel%20%28%25%29%20med%2016-18%20barn%2C%20enskild%20regi.csv,23904,d35c7d0cead80fc72ed87bbcbfeb0fda
Förskola,"Barngrupper, andel (%) med 16-18 barn, kommunal regi",https://skolverket-statistik.s3.eu-north-1.amazonaws.com/artisan/F%C3%B6rskola/Barngrupper%2C%20andel%20%28%25%29%20med%2016-18%20barn%2C%20kommunal%20regi.csv,24456,751d5f8e108a14eb10389f8cd6afe14f
Förskola,"Barngrupper, andel (%) med 19-21 barn",https://skolverket-statistik.s3.eu-north-1.amazonaws.com/artisan/F%C3%B6rskola/Barngrupper%2C%20andel%20%28%25%29%20med%2019-21%20barn.csv,24246,3630a63108173f12e85e7f9d08bd168e
Förskola,"Barngrupper, andel (%) med 19-21 barn, enskild regi",https://skolverket-statistik.s3.eu-north-1.amazonaws.com/artisan/F%C3%B6rskola/Barngrupper%2C%20andel%20%28%25%29%20med%2019-21%20barn%2C%20enskild%20regi.csv,23800,a492a14d73b1fda32f648a2eb395d8d4
Förskola,"Barngrupper, andel (%) med 19-21 barn, kommunal regi",https://skolverket-statistik.s3.eu-north-1.amazonaws.com/artisan/F%C3%B6rskola/Barngrupper%2C%20andel%20%28%25%29%20med%2019-21%20barn%2C%20kommunal%20regi.csv,24225,fca6af24e1ed500db4c3bc884e599b70
Förskola,"Barngrupper, andel (%) med 22-24 barn",https://skolverket-statistik.s3.eu-north-1.amazonaws.com/artisan/F%C3%B6rskola/Barngrupper%2C%20andel%20%28%25%29%20med%2022-24%20barn.csv,23160,a56ecab2d4df12e5123faab24e2b8353
Förskola,"Barngrupper, andel (%) med 22-24 barn, enskild regi",https://skolverket-statistik.s3.eu-north-1.amazonaws.com/artisan/F%C3%B6rskola/Barngrupper%2C%20andel%20%28%25%29%20med%2022-24%20barn%2C%20enskild%20regi.csv,23293,c40e08a4de94d5428403fe7de2351721
Förskola,"Barngrupper, andel (%) med 22-24 barn, kommunal regi",https://skolverket-statistik.s3.eu-north-1.amazonaws.com/artisan/F%C3%B6rskola/Barngrupper%2C%20andel%20%28%25%29%20med%2022-24%20barn%2C%20kommunal%20regi.csv,23170,9377d7d6e3ec483381e653987c2007fb
Förskola,"Barngrupper, andel (%) med 25-27 barn",https://skolverket-statistik.s3.eu-north-1.amazonaws.com/artisan/F%C3%B6rskola/Barngrupper%2C%20andel%20%28%25%29%20med%2025-27%20barn.csv,22721,9b123a0a34389b19458f7b2049b671d9
Förskola,"Barngrupper, andel (%) med 25-27 barn, enskild regi",https://skolverket-statistik.s3.eu-north-1.amazonaws.com/artisan/F%C3%B6rskola/Barngrupper%2C%20andel%20%28%25%29%20med%2025-27%20barn%2C%20enskild%20regi.csv,22975,3364ac22a758249aa75b3decc226e45c
Förskola,"Barngrupper, andel (%) med 25-27 barn, kommunal regi",https://skolverket-statistik.s3.eu-north-1.amazonaws.com/artisan/F%C3%B6rskola/Barngrupper%2C%20andel%20%28%25%29%20med%2025-27%20barn%2C%20kommunal%20regi.csv,22728,e8d686c71b7839f5e131ee3270d51b6a
Förskola,"Barngrupper, andel (%) med 28 barn eller fler",https://skolverket-statistik.s3.eu-north-1.amazonaws.com/artisan/F%C3%B6rskola/Barngrupper%2C%20andel%20%28%25%29%20med%2028%20barn%20eller%20fler.csv,22783,ef471875061b6af78daa77c41fe2e457
Förskola,"Barngrupper, andel (%) med 28 barn eller fler, enskild regi",https://skolverket-statistik.s3.eu-north-1.amazonaws.com/artisan/F%C3%B6rskola/Barngrupper%2C%20andel%20%28%25%29%20med%2028%20barn%20eller%20fler%2C%20enskild%20regi.csv,22996,b0e21f65e2c3231de6b020b9d7979ece
Förskola,"Barngrupper, andel (%) med 28 barn eller fler, kommunal regi",https://skolverket-statistik.s3.eu-north-1.amazonaws.com/artisan/F%C3%B6rskola/Barngrupper%2C%20andel%20%28%25%29%20med%2028%20barn%20eller%20fler%2C%20kommunal%20regi.csv,22792,355a0450271fd2a343835ddd6a2f489d
Förskola,"Barngrupper, andel (%) med 9 barn eller färre",https://skolverket-statistik.s3.eu-north-1.amazonaws.com/artisan/F%C3%B6rskola/Barngrupper%2C%20andel%20%28%25%29%20med%209%20barn%20eller%20f%C3%A4rre.csv,23311,3eb4ee14198b0c1821c0764abf6b2309
Förskola,"Barngrupper, andel (%) med 9 barn eller färre, enskild regi",https://skolverket-statistik.s3.eu-north-1.amazonaws.com/artisan/F%C3%B6rskola/Barngrupper%2C%20andel%20%28%25%29%20med%209%20barn%20eller%20f%C3%A4rre%2C%20enskild%20regi.csv,23666,172b38ecef607798a018036f61a1f7fe
Förskola,"Barngrupper, andel (%) med 9 barn eller färre, kommunal regi",https://skolverket-statistik.s3.eu-north-1.amazonaws.com/artisan/F%C3%B6rskola/Barngrupper%2C%20andel%20%28%25%29%20med%209%20barn%20eller%20f%C3%A4rre%2C%20kommunal%20regi.csv,23187,ddde027cfa1bf99783c0b7f97ec05e47
Förskola,"Barngrupper, totalt antal, enskild regi",https://skolverket-statistik.s3.eu-north-1.amazonaws.com/artisan/F%C3%B6rskola/Barngrupper%2C%20totalt%20antal%2C%20enskild%20regi.csv,24588,e02367f9acd3a024bfa06998a228b2d0
Förskola,"Barngrupper, totalt antal, kommunal regi",https://skolverket-statistik.s3.eu-north-1.amazonaws.com/artisan/F%C3%B6rskola/Barngrupper%2C%20totalt%20antal%2C%20kommunal%20regi.csv,26948,b3d98ea288d2593a98775013412fbcce
Förskola,"Förskoleenheter, antal i enskild regi",https://skolverket-statistik.s3.eu-north-1.amazonaws.com/artisan/F%C3%B6rskola/F%C3%B6rskoleenheter%2C%20antal%20i%20enskild%20regi.csv,23597,2b382bef5fedc5f48a6632400e3c752f
Förskola,"Förskoleenheter, antal i kommunal regi",https://skolverket-statistik.s3.eu-north-1.amazonaws.com/artisan/F%C3%B6rskola/F%C3%B6rskoleenheter%2C%20antal%20i%20kommunal%20regi.csv,24900,cb8f760954c6bf852339622dd44d91cd
Förskola,"Förskoleenheter, antal totalt",https://skolverket-statistik.s3.eu-north-1.amazonaws.com/artisan/F%C3%B6rskola/F%C3%B6rskoleenheter%2C%20antal%20totalt.csv,23315,8ec58034032094487cb5ff9c374e578e
Förskola,"Personaltäthet, antal barn per heltidstjänst",https://skolverket-statistik.s3.eu-north-1.amazonaws.com/artisan/F%C3%B6rskola/Personalt%C3%A4thet%2C%20antal%20barn%20per%20heltidstj%C3%A4nst.csv,43951,c88d43adf4e0e4141aa9130291ac5e32
Förskola,"Personaltäthet, antal barn per heltidstjänst, enskild regi",https://skolverket-statistik.s3.eu-north-1.amazonaws.com/artisan/F%C3%B6rskola/Personalt%C3%A4thet%2C%20antal%20barn%20per%20heltidstj%C3%A4nst%2C%20enskild%20regi.csv,49302,b2cd95dc9bb8ee567bdc80d1e0507a3f
Förskola,"Personaltäthet, antal barn per heltidstjänst, kommunal regi",https://skolverket-statistik.s3.eu-north-1.amazonaws.com/artisan/F%C3%B6rskola/Personalt%C3%A4thet%2C%20antal%20barn%20per%20heltidstj%C3%A4nst%2C%20kommunal%20regi.csv,51466,c6f9673e23a479dc88076c8bd19beac0
Förskola,"Personaltäthet, antal barn per heltidstjänster med förskollärarexamen",https://skolverket-statistik.s3.eu-north-1.amazonaws.com/artisan/F%C3%B6rskola/Personalt%C3%A4thet%2C%20antal%20barn%20per%20heltidstj%C3%A4nster%20med%20f%C3%B6rskoll%C3%A4rarexamen.csv,31870,bde1e3c5d0247f05cc59d08877b1b794
Förskola,"Personaltäthet, antal barn per heltidstjänster med förskollärarexamen, enskild regi",https://skolverket-statistik.s3.eu-north-1.amazonaws.com/artisan/F%C3%B6rskola/Personalt%C3%A4thet%2C%20antal%20barn%20per%20heltidstj%C3%A4nster%20med%20f%C3%B6rskoll%C3%A4rarexamen%2C%20enskild%20regi.csv,30884,77a8cc486fc64541026d1fb142413f51
Förskola,"Personaltäthet, antal barn per heltidstjänster med förskollärarexamen, kommunal regi",https://skolverket-statistik.s3.eu-north-1.amazonaws.com/artisan/F%C3%B6rskola/Personalt%C3%A4thet%2C%20antal%20barn%20per%20heltidstj%C3%A4nster%20med%20f%C3%B6rskoll%C3%A4rarexamen%2C%20kommunal%20regi.csv,31776,f51093c35e4ef8e31da11d559160f15c
Förskola,"Personaltäthet, antal barn per heltidstjänster med förskollärarlegitimation",https://skolverket-statistik.s3.eu-north-1.amazonaws.com/artisan/F%C3%B6rskola/Personalt%C3%A4thet%2C%20antal%20barn%20per%20heltidstj%C3%A4nster%20med%20f%C3%B6rskoll%C3%A4rarlegitimation.csv,28845,a63385a7ab4e4ad98245774b1e113321
Förskola,"Personaltäthet, antal barn per heltidstjänster med förskollärarlegitimation, enskild regi",https://skolverket-statistik.s3.eu-north-1.amazonaws.com/artisan/F%C3%B6rskola/Personalt%C3%A4thet%2C%20antal%20barn%20per%20heltidstj%C3%A4nster%20med%20f%C3%B6rskoll%C3%A4rarlegitimation%2C%20enskild%20regi.csv,28227,a9be887e91fde9b9308a99d2184b41a3
Förskola,"Personaltäthet, antal barn per heltidstjänster med förskollärarlegitimation, kommunal regi",https://skolverket-statistik.s3.eu-north-1.amazonaws.com/artisan/F%C3%B6rskola/Personalt%C3%A4thet%2C%20antal%20barn%20per%20heltidstj%C3%A4nster%20med%20f%C3%B6rskoll%C3%A4rarlegitimation%2C%20kommunal%20regi.csv,28763,5d4b413694e713be7e67bade0eb4c590
Förskola,"Småbarnsavdelningar, andel (%) med 17 barn eller fler",https://skolverket-statistik.s3.eu-north-1.amazonaws.com/artisan/F%C3%B6rskola/Sm%C3%A5barnsavdelningar%2C%20andel%20%28%25%29%20med%2017%20barn%20eller%20fler.csv,24735,36703a8da0577cd7243c557b98d5021b
Förskola,"Småbarnsavdelningar, andel (%) med 17 barn eller fler, enskild regi",https://skolverket-statistik.s3.eu-north-1.amazonaws.com/artisan/F%C3%B6rskola/Sm%C3%A5barnsavdelningar%2C%20andel%20%28%25%29%20med%2017%20barn%20eller%20fler%2C%20enskild%20regi.csv,22927,3ec854669f711b9add67728559b53de5
Förskola,"Småbarnsavdelningar, andel (%) med 17 barn eller fler, kommunal regi",https://skolverket-statistik.s3.eu-north-1.amazonaws.com/artisan/F%C3%B6rskola/Sm%C3%A5barnsavdelningar%2C%20andel%20%28%25%29%20med%2017%20barn%20eller%20fler%2C%20kommunal%20regi.csv,23326,7e78d3eb6da93981772eebb98a6dc2d7
Förskola,"Småbarnsavdelningar, andel (%) med upp till 10 barn",https://skolverket-statistik.s3.eu-north-1.amazonaws.com/artisan/F%C3%B6rskola/Sm%C3%A5barnsavdelningar%2C%20andel%20%28%25%29%20med%20upp%20till%2010%20barn.csv,25054,bdf72c24d0f4d56761a76c666e878530
Förskola,"Småbarnsavdelningar, andel (%) med upp till 10 barn, enskild regi",https://skolverket-statistik.s3.eu-north-1.amazonaws.com/artisan/F%C3%B6rskola/Sm%C3%A5barnsavdelningar%2C%20andel%20%28%25%29%20med%20upp%20till%2010%20barn%2C%20enskild%20regi.csv,23299,a4a063466196f9fbc4a0e80a4c47853c
Förskola,"Småbarnsavdelningar, andel (%) med upp till 10 barn, kommunal regi",https://skolverket-statistik.s3.eu-north-1.amazonaws.com/artisan/F%C3%B6rskola/Sm%C3%A5barnsavdelningar%2C%20andel%20%28%25%29%20med%20upp%20till%2010%20barn%2C%20kommunal%20regi.csv,23264,bbcf6cd0ba55003cfb67289794e3e850
Förskola,"Småbarnsavdelningar, andel (%) med upp till 11-13 barn",https://skolverket-statistik.s3.eu-north-1.amazonaws.com/artisan/F%C3%B6rskola/Sm%C3%A5barnsavdelningar%2C%20andel%20%28%25%29%20med%20upp%20till%2011-13%20barn.csv,26184,b995a556c06d0e4febccb7a61e826ba0
Förskola,"Småbarnsavdelningar, andel (%) med upp till 11-13 barn, enskild regi",https://skolverket-statistik.s3.eu-north-1.amazonaws.com/artisan/F%C3%B6rskola/Sm%C3%A5barnsavdelningar%2C%20andel%20%28%25%29%20med%20upp%20till%2011-13%20barn%2C%20enskild%20regi.csv,23295,e674c6011d0cedadbd47d78c0e3bb66f
Förskola,"Småbarnsavdelningar, andel (%) med upp till 11-13 barn, kommunal regi",https://skolverket-statistik.s3.eu-north-1.amazonaws.com/artisan/F%C3%B6rskola/Sm%C3%A5barnsavdelningar%2C%20andel%20%28%25%29%20med%20upp%20till%2011-13%20barn%2C%20kommunal%20regi.csv,23727,5cdf4b424ac037b064fb9373ba25142c
Förskola,"Småbarnsavdelningar, andel (%) med upp till 14-16 barn",https://skolverket-statistik.s3.eu-north-1.amazonaws.com/artisan/F%C3%B6rskola/Sm%C3%A5barnsavdelningar%2C%20andel%20%28%25%29%20med%20upp%20till%2014-16%20barn.csv,26383,dfc0c0acb945c1f02d953bac097e8882
Förskola,"Småbarnsavdelningar, andel (%) med upp till 14-16 barn, enskild regi",https://skolverket-statistik.s3.eu-north-1.amazonaws.com/artisan/F%C3%B6rskola/Sm%C3%A5barnsavdelningar%2C%20andel%20%28%25%29%20med%20upp%20till%2014-16%20barn%2C%20enskild%20regi.csv,23178,c0259dad0bb9a6f7fa88fcc1296c6a5c
Förskola,"Småbarnsavdelningar, andel (%) med upp till 14-16 barn, kommunal regi",https://skolverket-statistik.s3.eu-north-1.amazonaws.com/artisan/F%C3%B6rskola/Sm%C3%A5barnsavdelningar%2C%20andel%20%28%25%29%20med%20upp%20till%2014-16%20barn%2C%20kommunal%20regi.csv,23893,526af7fe6113fdb6df6ef089f8f51e16
Förskola,"Småbarnsgrupp, antal barn per småbarnsgrupp",https://skolverket-statistik.s3.eu-north-1.amazonaws.com/artisan/F%C3%B6rskola/Sm%C3%A5barnsgrupp%2C%20antal%20barn%20per%20sm%C3%A5barnsgrupp.csv,31870,0ca48d7d6d613523ebb44e852018913b
Förskola,"Småbarnsgrupp, antal barn per småbarnsgrupp, enskild regi",https://skolverket-statistik.s3.eu-north-1.amazonaws.com/artisan/F%C3%B6rskola/Sm%C3%A5barnsgrupp%2C%20antal%20barn%20per%20sm%C3%A5barnsgrupp%2C%20enskild%20regi.csv,28502,f1163f3f5f987c887e05dc16724193d4
Förskola,"Småbarnsgrupp, antal barn per småbarnsgrupp, kommunal regi",https://skolverket-statistik.s3.eu-north-1.amazonaws.com/artisan/F%C3%B6rskola/Sm%C3%A5barnsgrupp%2C%20antal%20barn%20per%20sm%C3%A5barnsgrupp%2C%20kommunal%20regi.csv,31772,c34bdee6c694083c39d6005e536eb9db
Förskola,"Småbarnsgrupper, andel (%) med 10-12 barn",https://skolverket-statistik.s3.eu-north-1.amazonaws.com/artisan/F%C3%B6rskola/Sm%C3%A5barnsgrupper%2C%20andel%20%28%25%29%20med%2010-12%20barn.csv,24368,45167555eeb9b06e0f0e9328bbf5fa2c
Förskola,"Småbarnsgrupper, andel (%) med 10-12 barn, enskild regi",https://skolverket-statistik.s3.eu-north-1.amazonaws.com/artisan/F%C3%B6rskola/Sm%C3%A5barnsgrupper%2C%20andel%20%28%25%29%20med%2010-12%20barn%2C%20enskild%20regi.csv,23789,f6208e3a47c7114723bf9ab1b7a878b6
Förskola,"Småbarnsgrupper, andel (%) med 10-12 barn, kommunal regi",https://skolverket-statistik.s3.eu-north-1.amazonaws.com/artisan/F%C3%B6rskola/Sm%C3%A5barnsgrupper%2C%20andel%20%28%25%29%20med%2010-12%20barn%2C%20kommunal%20regi.csv,24279,cf7a42042409c533bd145fc24fb5981b
Förskola,"Småbarnsgrupper, andel (%) med 13-15 barn",https://skolverket-statistik.s3.eu-north-1.amazonaws.com/artisan/F%C3%B6rskola/Sm%C3%A5barnsgrupper%2C%20andel%20%28%25%29%20med%2013-15%20barn.csv,24501,52a7023d5dba6633d1bb9192b951cf6a
Förskola,"Småbarnsgrupper, andel (%) med 13-15 barn, enskild regi",https://skolverket-statistik.s3.eu-north-1.amazonaws.com/artisan/F%C3%B6rskola/Sm%C3%A5barnsgrupper%2C%20andel%20%28%25%29%20med%2013-15%20barn%2C%20enskild%20regi.csv,23688,73178266b4677ca0530c2e8f21a9c194
Förskola,"Småbarnsgrupper, andel (%) med 13-15 barn, kommunal regi",https://skolverket-statistik.s3.eu-north-1.amazonaws.com/artisan/F%C3%B6rskola/Sm%C3%A5barnsgrupper%2C%20andel%20%28%25%29%20med%2013-15%20barn%2C%20kommunal%20regi.csv,24476,f8f16328acdb7916ec37902ac79cad71
Förskola,"Småbarnsgrupper, andel (%) med 16-18 barn",https://skolverket-statistik.s3.eu-north-1.amazonaws.com/artisan/F%C3%B6rskola/Sm%C3%A5barnsgrupper%2C%20andel%20%28%25%29%20med%2016-18%20barn.csv,23822,052fadc74b9da8e21a992f937a754b18
Förskola,"Småbarnsgrupper, andel (%) med 16-18 barn, enskild regi",https://skolverket-statistik.s3.eu-north-1.amazonaws.com/artisan/F%C3%B6rskola/Sm%C3%A5barnsgrupper%2C%20andel%20%28%25%29%20med%2016-18%20barn%2C%20enskild%20regi.csv,23285,72d83e07081a79f927eca36f19952861
Förskola,"Småbarnsgrupper, andel (%) med 16-18 barn, kommunal regi",https://skolverket-statistik.s3.eu-north-1.amazonaws.com/artisan/F%C3%B6rskola/Sm%C3%A5barnsgrupper%2C%20andel%20%28%25%29%20med%2016-18%20barn%2C%20kommunal%20regi.csv,23805,895c4f387544543efa2f81a21caa368b
Förskola,"Småbarnsgrupper, andel (%) med 19 barn eller fler",https://skolverket-statistik.s3.eu-north-1.amazonaws.com/artisan/F%C3%B6rskola/Sm%C3%A5barnsgrupper%2C%20andel%20%28%25%29%20med%2019%20barn%20eller%20fler.csv,22967,d027fc41eb8cada86af2e2d16ee25c9f
Förskola,"Småbarnsgrupper, andel (%) med 19 barn eller fler, enskild regi",https://skolverket-statistik.s3.eu-north-1.amazonaws.com/artisan/F%C3%B6rskola/Sm%C3%A5barnsgrupper%2C%20andel%20%28%25%29%20med%2019%20barn%20eller%20fler%2C%20enskild%20regi.csv,23009,9c04d8184ca17b047b63cecfebd248fd
Förskola,"Småbarnsgrupper, andel (%) med 19 barn eller fler, kommunal regi",https://skolverket-statistik.s3.eu-north-1.amazonaws.com/artisan/F%C3%B6rskola/Sm%C3%A5barnsgrupper%2C%20andel%20%28%25%29%20med%2019%20barn%20eller%20fler%2C%20kommunal%20regi.csv,22971,6707ea16c58dbffcafaa9b2070df4d4a
Förskola,"Småbarnsgrupper, andel (%) med 6 barn eller färre",https://skolverket-statistik.s3.eu-north-1.amazonaws.com/artisan/F%C3%B6rskola/Sm%C3%A5barnsgrupper%2C%20andel%20%28%25%29%20med%206%20barn%20eller%20f%C3%A4rre.csv,22953,e0d1366f185d2f2874c2ab15a9c1bf40
Förskola,"Småbarnsgrupper, andel (%) med 6 barn eller färre, enskild regi",https://skolverket-statistik.s3.eu-north-1.amazonaws.com/artisan/F%C3%B6rskola/Sm%C3%A5barnsgrupper%2C%20andel%20%28%25%29%20med%206%20barn%20eller%20f%C3%A4rre%2C%20enskild%20regi.csv,23288,d698bbceef879ef513e167c8a7fd0da8
Förskola,"Småbarnsgrupper, andel (%) med 6 barn eller färre, kommunal regi",https://skolverket-statistik.s3.eu-north-1.amazonaws.com/artisan/F%C3%B6rskola/Sm%C3%A5barnsgrupper%2C%20andel%20%28%25%29%20med%206%20barn%20eller%20f%C3%A4rre%2C%20kommunal%20regi.csv,22902,d201701e555e498df612bccad88162cd
Förskola,"Småbarnsgrupper, andel (%) med 7-9 barn",https://skolverket-statistik.s3.eu-north-1.amazonaws.com/artisan/F%C3%B6rskola/Sm%C3%A5barnsgrupper%2C%20andel%20%28%25%29%20med%207-9%20barn.csv,23576,c7a5378ec962a7af149f427cef3b2b65
Förskola,"Småbarnsgrupper, andel (%) med 7-9 barn, enskild regi",https://skolverket-statistik.s3.eu-north-1.amazonaws.com/artisan/F%C3%B6rskola/Sm%C3%A5barnsgrupper%2C%20andel%20%28%25%29%20med%207-9%20barn%2C%20enskild%20regi.csv,23620,41706305eca74e05ece2fe432b1e65de
Förskola,"Småbarnsgrupper, andel (%) med 7-9 barn, kommunal regi",https://skolverket-statistik.s3.eu-north-1.amazonaws.com/artisan/F%C3%B6rskola/Sm%C3%A5barnsgrupper%2C%20andel%20%28%25%29%20med%207-9%20barn%2C%20kommunal%20regi.csv,23391,a9ea9640f59a731855cfea57962d5542
Förskola,"Småbarnsgrupper, totalt antal",https://skolverket-statistik.s3.eu-north-1.amazonaws.com/artisan/F%C3%B6rskola/Sm%C3%A5barnsgrupper%2C%20totalt%20antal.csv,27045,de89fdb6f607552b4b1aa005313de16c
Förskola,"Småbarnsgrupper, totalt antal, enskild regi",https://skolverket-statistik.s3.eu-north-1.amazonaws.com/artisan/F%C3%B6rskola/Sm%C3%A5barnsgrupper%2C%20totalt%20antal%2C%20enskild%20regi.csv,23708,5601af810fc32c5637661ffd2bc4171a
Förskola,"Småbarnsgrupper, totalt antal, kommunal regi",https://skolverket-statistik.s3.eu-north-1.amazonaws.com/artisan/F%C3%B6rskola/Sm%C3%A5barnsgrupper%2C%20totalt%20antal%2C%20kommunal%20regi.csv,25403,5f7ca8eea6213db61402350a5009a50e
Förskola,"Öppethållande på obekväma tider, antal platser",https://skolverket-statistik.s3.eu-north-1.amazonaws.com/artisan/F%C3%B6rskola/%C3%96ppeth%C3%A5llande%20p%C3%A5%20obekv%C3%A4ma%20tider%2C%20antal%20platser.csv,22959,2c27a24f2aebb12dc3859ff8f868b8df
Pedagogisk omsorg,"Anställda, andel (%) med examen för arbete med barn",https://skolverket-statistik.s3.eu-north-1.amazonaws.com/artisan/Pedagogisk%20omsorg/Anst%C3%A4llda%2C%20andel%20%28%25%29%20med%20examen%20f%C3%B6r%20arbete%20med%20barn.csv,14202,6c6b94149ef3fbb626e1033fe720da68
Pedagogisk omsorg,"Anställda, andel (%) med pedagogisk högskoleexamen",https://skolverket-statistik.s3.eu-north-1.amazonaws.com/artisan/Pedagogisk%20omsorg/Anst%C3%A4llda%2C%20andel%20%28%25%29%20med%20pedagogisk%20h%C3%B6gskoleexamen.csv,13927,63a97c8e3e1dede62d89030fb6092767
Pedagogisk omsorg,"Anställda, andel (%) med utbildning för arbete med barn",https://skolverket-statistik.s3.eu-north-1.amazonaws.com/artisan/Pedagogisk%20omsorg/Anst%C3%A4llda%2C%20andel%20%28%25%29%20med%20utbildning%20f%C3%B6r%20arbete%20med%20barn.csv,15040,434f558f9b34d1188a6d9d26e98c0fa7
Pedagogisk omsorg,"Anställda, antal totalt",https://skolverket-statistik.s3.eu-north-1.amazonaws.com/artisan/Pedagogisk%20omsorg/Anst%C3%A4llda%2C%20antal%20totalt.csv,15158,8ade81616a1ca41dc9114e8ad50a744f
Pedagogisk omsorg,"Antal barn i kommunen 15/10 2011, 1-12 år",https://skolverket-statistik.s3.eu-north-1.amazonaws.com/artisan/Pedagogisk%20omsorg/Antal%20barn%20i%20kommunen%2015/10%202011%2C%201-12%20%C3%A5r.csv,24730,5723492001fccca047d254f1b23e9bb8
Pedagogisk omsorg,Antal verksamheter i enskild regi,https://skolverket-statistik.s3.eu-north-1.amazonaws.com/artisan/Pedagogisk%20omsorg/Antal%20verksamheter%20i%20enskild%20regi.csv,13772,e1ef68d50dc9e64e1ed36d92c26efde6
Pedagogisk omsorg,"Antal verksamheter i enskild regi, andra varianter t.ex. flerfamiljslösning",https://skolverket-statistik.s3.eu-north-1.amazonaws.com/artisan/Pedagogisk%20omsorg/Antal%20verksamheter%20i%20enskild%20regi%2C%20andra%20varianter%20t.ex.%20flerfamiljsl%C3%B6sning.csv,13382,52aef004107f8d0403b3558528475025
Pedagogisk omsorg,"Antal verksamheter i enskild regi, som bedrivs i det egna hemmet",https://skolverket-statistik.s3.eu-north-1.amazonaws.com/artisan/Pedagogisk%20omsorg/Antal%20verksamheter%20i%20enskild%20regi%2C%20som%20bedrivs%20i%20det%20egna%20hemmet.csv,13505,e53b942182feaabbbd0e851733dada58
Pedagogisk omsorg,"Antal verksamheter i enskild regi, som bedrivs i särskild lokal",https://skolverket-statistik.s3.eu-north-1.amazonaws.com/artisan/Pedagogisk%20omsorg/Antal%20verksamheter%20i%20enskild%20regi%2C%20som%20bedrivs%20i%20s%C3%A4rskild%20lokal.csv,13381,27459d87eb4dfcc6777e97d5a3120b8d
Pedagogisk omsorg,Antal verksamheter i kommunal regi,https://skolverket-statistik.s3.eu-north-1.amazonaws.com/artisan/Pedagogisk%20omsorg/Antal%20verksamheter%20i%20kommunal%20regi.csv,14163,3921b7c51ba7757a3c7cbd53cf8fbd78
Pedagogisk omsorg,"Antal verksamheter i kommunal regi, andra varianter t.ex. flerfamiljslösning",https://skolverket-statistik.s3.eu-north-1.amazonaws.com/artisan/Pedagogisk%20omsorg/Antal%20verksamheter%20i%20kommunal%20regi%2C%20andra%20varianter%20t.ex.%20flerfamiljsl%C3%B6sning.csv,13398,bc254518929961256a5b5a051c960e93
Pedagogisk omsorg,"Antal verksamheter i kommunal regi, som bedrivs i det egna hemmet",https://skolverket-statistik.s3.eu-north-1.amazonaws.com/artisan/Pedagogisk%20omsorg/Antal%20verksamheter%20i%20kommunal%20regi%2C%20som%20bedrivs%20i%20det%20egna%20hemmet.csv,13739,303d288b54a37c185929e89d1a17eb0b
Pedagogisk omsorg,"Antal verksamheter i kommunal regi, som bedrivs i särskild lokal",https://skolverket-statistik.s3.eu-north-1.amazonaws.com/artisan/Pedagogisk%20omsorg/Antal%20verksamheter%20i%20kommunal%20regi%2C%20som%20bedrivs%20i%20s%C3%A4rskild%20lokal.csv,13377,f1c02b0468d078495812b0a65d2d3c27
Pedagogisk omsorg,Antal verksamheter totalt,https://skolverket-statistik.s3.eu-north-1.amazonaws.com/artisan/Pedagogisk%20omsorg/Antal%20verksamheter%20totalt.csv,14381,48045263055a7b9c1359bb057630b736
Pedagogisk omsorg,"Antal verksamheter totalt, andra varianter t.ex. flerfamiljslösning",https://skolverket-statistik.s3.eu-north-1.amazonaws.com/artisan/Pedagogisk%20omsorg/Antal%20verksamheter%20totalt%2C%20andra%20varianter%20t.ex.%20flerfamiljsl%C3%B6sning.csv,13403,5806bf23cc2b28d4e8c886759b00137b
Pedagogisk omsorg,"Antal verksamheter totalt, som bedrivs i det egna hemmet",https://skolverket-statistik.s3.eu-north-1.amazonaws.com/artisan/Pedagogisk%20omsorg/Antal%20verksamheter%20totalt%2C%20som%20bedrivs%20i%20det%20egna%20hemmet.csv,13796,5f72f483901215dad8d8d9e53ff35cc4
Pedagogisk omsorg,"Antal verksamheter totalt, som bedrivs i särskild lokal",https://skolverket-statistik.s3.eu-north-1.amazonaws.com/artisan/Pedagogisk%20omsorg/Antal%20verksamheter%20totalt%2C%20som%20bedrivs%20i%20s%C3%A4rskild%20lokal.csv,13383,1f118abb27452c7cfd08d06e479c4e4e
Pedagogisk omsorg,"Barn 0-12 år, totalt antal inskrivna",https://skolverket-statistik.s3.eu-north-1.amazonaws.com/artisan/Pedagogisk%20omsorg/Barn%200-12%20%C3%A5r%2C%20totalt%20antal%20inskrivna.csv,16861,2f3418d6b668789c05dc1da8cc39ef1e
Pedagogisk omsorg,"Barn 0-3 år, andel (%) av alla inskrivna",https://skolverket-statistik.s3.eu-north-1.amazonaws.com/artisan/Pedagogisk%20omsorg/Barn%200-3%20%C3%A5r%2C%20andel%20%28%25%29%20av%20alla%20inskrivna.csv,14768,c21332f2dfe678dcc3239dbe62234d98
Pedagogisk omsorg,"Barn 1-5 år, andel (%) av befolkningen",https://skolverket-statistik.s3.eu-north-1.amazonaws.com/artisan/Pedagogisk%20omsorg/Barn%201-5%20%C3%A5r%2C%20andel%20%28%25%29%20av%20befolkningen.csv,13545,8154d473e8688c0357ac4d993c965585
Pedagogisk omsorg,"Barn 1-5 år, andel (%) av befolkningen i enskild regi",https://skolverket-statistik.s3.eu-north-1.amazonaws.com/artisan/Pedagogisk%20omsorg/Barn%201-5%20%C3%A5r%2C%20andel%20%28%25%29%20av%20befolkningen%20i%20enskild%20regi.csv,13373,77826cf0abbe1da424ed265619f03a3c
Pedagogisk omsorg,"Barn 1-5 år, andel (%) med annat modersmål än svenska",https://skolverket-statistik.s3.eu-north-1.amazonaws.com/artisan/Pedagogisk%20omsorg/Barn%201-5%20%C3%A5r%2C%20andel%20%28%25%29%20med%20annat%20modersm%C3%A5l%20%C3%A4n%20svenska.csv,13701,18efbd4519fc7b54c929e1fb2e1045cd
Pedagogisk omsorg,"Barn 1-5 år, andel (%) med modersmålsstöd/möjlighet att utveckla sitt modersmål.",https://skolverket-statistik.s3.eu-north-1.amazonaws.com/artisan/Pedagogisk%20omsorg/Barn%201-5%20%C3%A5r%2C%20andel%20%28%25%29%20med%20modersm%C3%A5lsst%C3%B6d/m%C3%B6jlighet%20att%20utveckla%20sitt%20modersm%C3%A5l..csv,13493,6e70d72bab3331fbf96e406761f451e2
Pedagogisk omsorg,"Barn 6-9 år, andel (%) av befolkningen",https://skolverket-statistik.s3.eu-north-1.amazonaws.com/artisan/Pedagogisk%20omsorg/Barn%206-9%20%C3%A5r%2C%20andel%20%28%25%29%20av%20befolkningen.csv,13380,50c8706213ccbe4ca6daa1b29063c8a1
Pedagogisk omsorg,"Barn, andel (%) i enskild regi",https://skolverket-statistik.s3.eu-north-1.amazonaws.com/artisan/Pedagogisk%20omsorg/Barn%2C%20andel%20%28%25%29%20i%20enskild%20regi.csv,14451,65430de0baa3f0526e6e45bdf5dfbec1
Pedagogisk omsorg,"Barn, andel (%) i kommunal regi",https://skolverket-statistik.s3.eu-north-1.amazonaws.com/artisan/Pedagogisk%20omsorg/Barn%2C%20andel%20%28%25%29%20i%20kommunal%20regi.csv,15174,2cba71f86f74e1f81b8024dfa1edfa65
Pedagogisk omsorg,"Barn, antal per anställd",https://skolverket-statistik.s3.eu-north-1.amazonaws.com/artisan/Pedagogisk%20omsorg/Barn%2C%20antal%20per%20anst%C3%A4lld.csv,23858,478d3e14947996e55272b75106755bd0
Pedagogisk omsorg,"Verksamheter, andel (%) med fler än 8 barn",https://skolverket-statistik.s3.eu-north-1.amazonaws.com/artisan/Pedagogisk%20omsorg/Verksamheter%2C%20andel%20%28%25%29%20med%20fler%20%C3%A4n%208%20barn.csv,13714,3582042ed5f6a6b55764ca231b8da271
Familjedaghem,"Anställda, andel (%) med utbildning för arbete med barn",https://skolverket-statistik.s3.eu-north-1.amazonaws.com/artisan/Familjedaghem/Anst%C3%A4llda%2C%20andel%20%28%25%29%20med%20utbildning%20f%C3%B6r%20arbete%20med%20barn.csv,20060,4f723623c01f622cc1db727539936bd6
Familjedaghem,"Anställda, antal",https://skolverket-statistik.s3.eu-north-1.amazonaws.com/artisan/Familjedaghem/Anst%C3%A4llda%2C%20antal.csv,17068,fa166d3912d0b7ae9d4a297c1e738e38
Familjedaghem,"Barn 0-3 år, andel av alla inskrivna",https://skolverket-statistik.s3.eu-north-1.amazonaws.com/artisan/Familjedaghem/Barn%200-3%20%C3%A5r%2C%20andel%20av%20alla%20inskrivna.csv,17896,ed250d5e5b7be49b1ce917e733932289
Familjedaghem,"Barn 1-5 år, andel (%) av befolkningen",https://skolverket-statistik.s3.eu-north-1.amazonaws.com/artisan/Familjedaghem/Barn%201-5%20%C3%A5r%2C%20andel%20%28%25%29%20av%20befolkningen.csv,16371,ef9bdccbf4dcc2081a799b0154764c8c
Familjedaghem,"Barn 1-5 år, andel (%) av befolkningen i enskild regi",https://skolverket-statistik.s3.eu-north-1.amazonaws.com/artisan/Familjedaghem/Barn%201-5%20%C3%A5r%2C%20andel%20%28%25%29%20av%20befolkningen%20i%20enskild%20regi.csv,14695,8a540ecd2c5acb31604b91c2925a8a7d
Familjedaghem,"Barn 1-5 år, andel (%) med annat modersmål än svenska",https://skolverket-statistik.s3.eu-north-1.amazonaws.com/artisan/Familjedaghem/Barn%201-5%20%C3%A5r%2C%20andel%20%28%25%29%20med%20annat%20modersm%C3%A5l%20%C3%A4n%20svenska.csv,15040,6482b4b1a3b1d4dc2a87cb1f122447a4
Familjedaghem,"Barn 1-5 år, andel (%) med modersmålsstöd",https://skolverket-statistik.s3.eu-north-1.amazonaws.com/artisan/Familjedaghem/Barn%201-5%20%C3%A5r%2C%20andel%20%28%25%29%20med%20modersm%C3%A5lsst%C3%B6d.csv,14816,45d679ab3753c440bb50413efc1b3627
Familjedaghem,"Barn 10-12 år, andel (%) av befolkningen",https://skolverket-statistik.s3.eu-north-1.amazonaws.com/artisan/Familjedaghem/Barn%2010-12%20%C3%A5r%2C%20andel%20%28%25%29%20av%20befolkningen.csv,14265,8925bb913fb514d82906ac2b4195dd66
Familjedaghem,"Barn 6-9 år, andel (%) av befolkningen",https://skolverket-statistik.s3.eu-north-1.amazonaws.com/artisan/Familjedaghem/Barn%206-9%20%C3%A5r%2C%20andel%20%28%25%29%20av%20befolkningen.csv,14843,9f0780a6e05727db0166eb88baef1bb6
Familjedaghem,"Barn 7-9 år, andel (%) av befolkningen",https://skolverket-statistik.s3.eu-north-1.amazonaws.com/artisan/Familjedaghem/Barn%207-9%20%C3%A5r%2C%20andel%20%28%25%29%20av%20befolkningen.csv,14358,6dd083ce1cf3c021fad41a0993b3c836
Familjedaghem,"Barn, 0-12 år, totalt antal",https://skolverket-statistik.s3.eu-north-1.amazonaws.com/artisan/Familjedaghem/Barn%2C%200-12%20%C3%A5r%2C%20totalt%20antal.csv,19811,f5a0a3e48decf617c79748546b40af83
Familjedaghem,"Barn, antal per anställd",https://skolverket-statistik.s3.eu-north-1.amazonaws.com/artisan/Familjedaghem/Barn%2C%20antal%20per%20anst%C3%A4lld.csv,28066,619d51ba3a5ccd7f8d4b1b811e3cd0f3
Familjedaghem,"Barn, antal per årsarbetare",https://skolverket-statistik.s3.eu-north-1.amazonaws.com/artisan/Familjedaghem/Barn%2C%20antal%20per%20%C3%A5rsarbetare.csv,15325,a0c29a5cb079911e9d980359f348a3c0
Familjedaghem,"Verksamhet, andel (%) verksamheter med 9 barn eller fler",https://skolverket-statistik.s3.eu-north-1.amazonaws.com/artisan/Familjedaghem/Verksamhet%2C%20andel%20%28%25%29%20verksamheter%20med%209%20barn%20eller%20fler.csv,15704,e6e29172a0639979cfeba087dac1649c
Fritidshem,"Anställda, andel (%) heltidstjänster med ped. högskoleexamen",https://skolverket-statistik.s3.eu-north-1.amazonaws.com/artisan/Fritidshem/Anst%C3%A4llda%2C%20andel%20%28%25%29%20heltidstj%C3%A4nster%20med%20ped.%20h%C3%B6gskoleexamen.csv,29857,48cc6e65737c31aaedc287e9f5ed6b0f
Fritidshem,"Anställda, andel (%) heltidstjänster med ped. högskoleexamen, enskild/statlig regi",https://skolverket-statistik.s3.eu-north-1.amazonaws.com/artisan/Fritidshem/Anst%C3%A4llda%2C%20andel%20%28%25%29%20heltidstj%C3%A4nster%20med%20ped.%20h%C3%B6gskoleexamen%2C%20enskild/statlig%20regi.csv,30343,2e6a9494af7cdd52a9e7c7edeca771fa
Fritidshem,"Anställda, andel (%) heltidstjänster med ped. högskoleexamen, kommunal regi",https://skolverket-statistik.s3.eu-north-1.amazonaws.com/artisan/Fritidshem/Anst%C3%A4llda%2C%20andel%20%28%25%29%20heltidstj%C3%A4nster%20med%20ped.%20h%C3%B6gskoleexamen%2C%20kommunal%20regi.csv,27813,0635db6c837309c71be44073aa5c55d2
Fritidshem,"Anställda, andel (%) årsarbetare med utbildning för arbete med barn",https://skolverket-statistik.s3.eu-north-1.amazonaws.com/artisan/Fritidshem/Anst%C3%A4llda%2C%20andel%20%28%25%29%20%C3%A5rsarbetare%20med%20utbildning%20f%C3%B6r%20arbete%20med%20barn.csv,23102,3982e6bb0d4bbfd4348f59b7b354b2a8
Fritidshem,"Anställda, antal heltidstjänster",https://skolverket-statistik.s3.eu-north-1.amazonaws.com/artisan/Fritidshem/Anst%C3%A4llda%2C%20antal%20heltidstj%C3%A4nster.csv,30913,9c8153a7651cc5b04b1f25319d528813
Fritidshem,"Anställda, antal heltidstjänster, enskild/statlig regi",https://skolverket-statistik.s3.eu-north-1.amazonaws.com/artisan/Fritidshem/Anst%C3%A4llda%2C%20antal%20heltidstj%C3%A4nster%2C%20enskild/statlig%20regi.csv,24138,9a3df49fba43b0104a1815028afcbb27
Fritidshem,"Anställda, antal heltidstjänster, kommunal regi",https://skolverket-statistik.s3.eu-north-1.amazonaws.com/artisan/Fritidshem/Anst%C3%A4llda%2C%20antal%20heltidstj%C3%A4nster%2C%20kommunal%20regi.csv,28802,2cf0c08518565924ced038821db630bc
Fritidshem,"Anställda, antal som arbetar integrerat i fritidshem/förskoleklass/grundskola",https://skolverket-statistik.s3.eu-north-1.amazonaws.com/artisan/Fritidshem/Anst%C3%A4llda%2C%20antal%20som%20arbetar%20integrerat%20i%20fritidshem/f%C3%B6rskoleklass/grundskola.csv,26206,55ae94fc13b0a26c51e138b066523800
Fritidshem,"Anställda, totalt",https://skolverket-statistik.s3.eu-north-1.amazonaws.com/artisan/Fritidshem/Anst%C3%A4llda%2C%20totalt.csv,27028,34a2cbe5cdd4cf7cdcd702cecc50cd4a
Fritidshem,"Barn 6-12 år, antal i kommunen 15/10",https://skolverket-statistik.s3.eu-north-1.amazonaws.com/artisan/Fritidshem/Barn%206-12%20%C3%A5r%2C%20antal%20i%20kommunen%2015/10.csv,48999,702985accd0c9e8326318bc228ff34b1
Fritidshem,"Barn totalt, andel (%) med samma ped. ledning som grund-/särskola",https://skolverket-statistik.s3.eu-north-1.amazonaws.com/artisan/Fritidshem/Barn%20totalt%2C%20andel%20%28%25%29%20med%20samma%20ped.%20ledning%20som%20grund-/s%C3%A4rskola.csv,27759,9e342b3b38ede43707dbe7e5147670b8
Fritidshem,"Elever 10-12 år, andel (%) av befolkningen",https://skolverket-statistik.s3.eu-north-1.amazonaws.com/artisan/Fritidshem/Elever%2010-12%20%C3%A5r%2C%20andel%20%28%25%29%20av%20befolkningen.csv,38777,8cde5de764e24ddb8af1e3d066882ba2
Fritidshem,"Elever 10-12 år, andel (%) i enskild/statlig regi av befolkningen",https://skolverket-statistik.s3.eu-north-1.amazonaws.com/artisan/Fritidshem/Elever%2010-12%20%C3%A5r%2C%20andel%20%28%25%29%20i%20enskild/statlig%20regi%20av%20befolkningen.csv,35215,4479f94454ef9db336f7520a38e5a0a7
Fritidshem,"Elever 6-9 år, andel (%) av befolkningen",https://skolverket-statistik.s3.eu-north-1.amazonaws.com/artisan/Fritidshem/Elever%206-9%20%C3%A5r%2C%20andel%20%28%25%29%20av%20befolkningen.csv,41099,66f7c71eeddcadfdc2276362e25ff39f
Fritidshem,"Elever 6-9 år, andel (%) i enskild/statlig regi av befolkningen",https://skolverket-statistik.s3.eu-north-1.amazonaws.com/artisan/Fritidshem/Elever%206-9%20%C3%A5r%2C%20andel%20%28%25%29%20i%20enskild/statlig%20regi%20av%20befolkningen.csv,35986,ae3ebaf993f8385f2eaac463f2712704
Fritidshem,"Elever totalt, andel (%) i enskild/statlig regi",https://skolverket-statistik.s3.eu-north-1.amazonaws.com/artisan/Fritidshem/Elever%20totalt%2C%20andel%20%28%25%29%20i%20enskild/statlig%20regi.csv,36014,7be86e24931fd1d5b5257394c24250b1
Fritidshem,"Elever, totalt antal inskrivna",https://skolverket-statistik.s3.eu-north-1.amazonaws.com/artisan/Fritidshem/Elever%2C%20totalt%20antal%20inskrivna.csv,42356,fdcd5a4f61fd59c9ca23cb851e8c75c5
Fritidshem,"Elevgrupp, antal elever per avdelning",https://skolverket-statistik.s3.eu-north-1.amazonaws.com/artisan/Fritidshem/Elevgrupp%2C%20antal%20elever%20per%20avdelning.csv,49402,c003f15b8b4327032a5d6750379f20ac
Fritidshem,"Elevgrupp, antal elever per avdelning, enskild/statlig regi",https://skolverket-statistik.s3.eu-north-1.amazonaws.com/artisan/Fritidshem/Elevgrupp%2C%20antal%20elever%20per%20avdelning%2C%20enskild/statlig%20regi.csv,37594,af6bcabab386014220f685713a05f8da
Fritidshem,"Elevgrupp, antal elever per avdelning, kommunal regi",https://skolverket-statistik.s3.eu-north-1.amazonaws.com/artisan/Fritidshem/Elevgrupp%2C%20antal%20elever%20per%20avdelning%2C%20kommunal%20regi.csv,38736,a5cdc4e9f42127ed0b855acf4f939a5c
Fritidshem,"Personaltäthet, antal elever per anställd",https://skolverket-statistik.s3.eu-north-1.amazonaws.com/artisan/Fritidshem/Personalt%C3%A4thet%2C%20antal%20elever%20per%20anst%C3%A4lld.csv,36736,628c6166a180e2162138b5a129ae49dd
Fritidshem,"Personaltäthet, antal elever per anställd, enskild/statlig regi",https://skolverket-statistik.s3.eu-north-1.amazonaws.com/artisan/Fritidshem/Personalt%C3%A4thet%2C%20antal%20elever%20per%20anst%C3%A4lld%2C%20enskild/statlig%20regi.csv,31186,4ccfe7583650d14ec4b809559c3528ac
Fritidshem,"Personaltäthet, antal elever per anställd, kommunal regi",https://skolverket-statistik.s3.eu-north-1.amazonaws.com/artisan/Fritidshem/Personalt%C3%A4thet%2C%20antal%20elever%20per%20anst%C3%A4lld%2C%20kommunal%20regi.csv,36714,7760ff785610bb8ad656a6dcb86979c9
Fritidshem,"Personaltäthet, antal elever per heltidstjänster",https://skolverket-statistik.s3.eu-north-1.amazonaws.com/artisan/Fritidshem/Personalt%C3%A4thet%2C%20antal%20elever%20per%20heltidstj%C3%A4nster.csv,58948,e32767ee9d5303e3089d04568ad7683d
Fritidshem,"Personaltäthet, antal elever per heltidstjänster, enskild/statlig regi",https://skolverket-statistik.s3.eu-north-1.amazonaws.com/artisan/Fritidshem/Personalt%C3%A4thet%2C%20antal%20elever%20per%20heltidstj%C3%A4nster%2C%20enskild/statlig%20regi.csv,40796,1b9ca3baa314ebe5e11ea84be1a04029
Fritidshem,"Personaltäthet, antal elever per heltidstjänster, kommunal regi",https://skolverket-statistik.s3.eu-north-1.amazonaws.com/artisan/Fritidshem/Personalt%C3%A4thet%2C%20antal%20elever%20per%20heltidstj%C3%A4nster%2C%20kommunal%20regi.csv,47932,895b18dcaf8fafee90572b9f2bca3cca
Omsorg på obekväma tider,Antal inskrivna barn i omsorg på obekväma tider 1-5 år,https://skolverket-statistik.s3.eu-north-1.amazonaws.com/artisan/Omsorg%20p%C3%A5%20obekv%C3%A4ma%20tider/Antal%20inskrivna%20barn%20i%20omsorg%20p%C3%A5%20obekv%C3%A4ma%20tider%201-5%20%C3%A5r.csv,24598,4d0565b682a92edb9a7739ba2403f11d
Omsorg på obekväma tider,Antal inskrivna barn i omsorg på obekväma tider 6-12 år,https://skolverket-statistik.s3.eu-north-1.amazonaws.com/artisan/Omsorg%20p%C3%A5%20obekv%C3%A4ma%20tider/Antal%20inskrivna%20barn%20i%20omsorg%20p%C3%A5%20obekv%C3%A4ma%20tider%206-12%20%C3%A5r.csv,24099,f347487913c84d919a7430b9c70e287d
Omsorg på obekväma tider,"Antal inskrivna barn i omsorg på obekväma tider, totalt",https://skolverket-statistik.s3.eu-north-1.amazonaws.com/artisan/Omsorg%20p%C3%A5%20obekv%C3%A4ma%20tider/Antal%20inskrivna%20barn%20i%20omsorg%20p%C3%A5%20obekv%C3%A4ma%20tider%2C%20totalt.csv,25399,ea2b01bee5d72ad9019970283bbcba9e
Förskoleklass,"Elever, andel (%) 5-åringar",https://skolverket-statistik.s3.eu-north-1.amazonaws.com/artisan/F%C3%B6rskoleklass/Elever%2C%20andel%20%28%25%29%205-%C3%A5ringar.csv,45041,f4d1295c03a1007c728ff87e761ef302
Förskoleklass,"Elever, andel (%) 5-åringar av befolkningen",https://skolverket-statistik.s3.eu-north-1.amazonaws.com/artisan/F%C3%B6rskoleklass/Elever%2C%20andel%20%28%25%29%205-%C3%A5ringar%20av%20befolkningen.csv,33532,3e1ea5810e72b2414d557ebd165a9ba9
Förskoleklass,"Elever, andel (%) 6-åringar av befolkningen",https://skolverket-statistik.s3.eu-north-1.amazonaws.com/artisan/F%C3%B6rskoleklass/Elever%2C%20andel%20%28%25%29%206-%C3%A5ringar%20av%20befolkningen.csv,41656,658a40c19d010b5b18bfbf00fd5c1ae4
Förskoleklass,"Elever, andel (%) i fristående förskoleklass, endast",https://skolverket-statistik.s3.eu-north-1.amazonaws.com/artisan/F%C3%B6rskoleklass/Elever%2C%20andel%20%28%25%29%20i%20frist%C3%A5ende%20f%C3%B6rskoleklass%2C%20endast.csv,20702,7fa7a02460d58955d6369ad8a739ae99
Förskoleklass,"Elever, andel (%) i fristående/enskild verksamhet",https://skolverket-statistik.s3.eu-north-1.amazonaws.com/artisan/F%C3%B6rskoleklass/Elever%2C%20andel%20%28%25%29%20i%20frist%C3%A5ende/enskild%20verksamhet.csv,33371,b03129412d67f16f72322a64cccc0efb
Förskoleklass,"Elever, andel (%) med samma pedagogiska ledning som grund- eller särskola",https://skolverket-statistik.s3.eu-north-1.amazonaws.com/artisan/F%C3%B6rskoleklass/Elever%2C%20andel%20%28%25%29%20med%20samma%20pedagogiska%20ledning%20som%20grund-%20eller%20s%C3%A4rskola.csv,46131,ba282ccc05b89d9ce697c0f81347dcb2
Förskoleklass,"Elever, antal i förskoleklass",https://skolverket-statistik.s3.eu-north-1.amazonaws.com/artisan/F%C3%B6rskoleklass/Elever%2C%20antal%20i%20f%C3%B6rskoleklass.csv,34420,e3f1ba39b89e42470b4f963cab04f2d7
Förskoleklass,"Lokaler, andel (%) elever i förskoleklass fristående från annan verksamhet",https://skolverket-statistik.s3.eu-north-1.amazonaws.com/artisan/F%C3%B6rskoleklass/Lokaler%2C%20andel%20%28%25%29%20elever%20i%20f%C3%B6rskoleklass%20frist%C3%A5ende%20fr%C3%A5n%20annan%20verksamhet.csv,20705,11f2dd0299cc9da296752a484b9ba3b9
Förskoleklass,"Lokaler, andel (%) elever i förskoleklass förlagd till fritidshem",https://skolverket-statistik.s3.eu-north-1.amazonaws.com/artisan/F%C3%B6rskoleklass/Lokaler%2C%20andel%20%28%25%29%20elever%20i%20f%C3%B6rskoleklass%20f%C3%B6rlagd%20till%20fritidshem.csv,20733,2958284effbb80ef33dffc88e58cef26
Förskoleklass,"Lokaler, andel (%) elever i förskoleklass förlagd till förskola",https://skolverket-statistik.s3.eu-north-1.amazonaws.com/artisan/F%C3%B6rskoleklass/Lokaler%2C%20andel%20%28%25%29%20elever%20i%20f%C3%B6rskoleklass%20f%C3%B6rlagd%20till%20f%C3%B6rskola.csv,20748,f63fdba4bfb0d04d6136dd17835663c7
Förskoleklass,"Lokaler, andel (%) elever i förskoleklass förlagd till grundskolan",https://skolverket-statistik.s3.eu-north-1.amazonaws.com/artisan/F%C3%B6rskoleklass/Lokaler%2C%20andel%20%28%25%29%20elever%20i%20f%C3%B6rskoleklass%20f%C3%B6rlagd%20till%20grundskolan.csv,21121,4c5cbe8c7dc856becc675558a7360924
Förskoleklass,"Lärartäthet, antal elever per lärare (heltidstjänst)",https://skolverket-statistik.s3.eu-north-1.amazonaws.com/artisan/F%C3%B6rskoleklass/L%C3%A4rart%C3%A4thet%2C%20antal%20elever%20per%20l%C3%A4rare%20%28heltidstj%C3%A4nst%29.csv,28650,c439988c5d0d001b17573f27f6dc76db
Förskoleklass,"Modersmål, andel (%) elever med annat modersmål än svenska",https://skolverket-statistik.s3.eu-north-1.amazonaws.com/artisan/F%C3%B6rskoleklass/Modersm%C3%A5l%2C%20andel%20%28%25%29%20elever%20med%20annat%20modersm%C3%A5l%20%C3%A4n%20svenska.csv,49334,20d3632c49514f798ed2e64d5150e858
Förskoleklass,"Modersmål, andel (%) elever med annat modersmål än svenska med modersmålsstöd",https://skolverket-statistik.s3.eu-north-1.amazonaws.com/artisan/F%C3%B6rskoleklass/Modersm%C3%A5l%2C%20andel%20%28%25%29%20elever%20med%20annat%20modersm%C3%A5l%20%C3%A4n%20svenska%20med%20modersm%C3%A5lsst%C3%B6d.csv,45580,3f903d7d0d7598914ab13cd27802de0b
Förskoleklass,"Modersmål, andel (%) elever med stöd/träning i modersmål",https://skolverket-statistik.s3.eu-north-1.amazonaws.com/artisan/F%C3%B6rskoleklass/Modersm%C3%A5l%2C%20andel%20%28%25%29%20elever%20med%20st%C3%B6d/tr%C3%A4ning%20i%20modersm%C3%A5l.csv,21147,e26fe324d543ebf85a84423016dc1d54
Förskoleklass,"Årsarbetare i huvudmannens skolor, andel (%) med fritidspedagogexamen",https://skolverket-statistik.s3.eu-north-1.amazonaws.com/artisan/F%C3%B6rskoleklass/%C3%85rsarbetare%20i%20huvudmannens%20skolor%2C%20andel%20%28%25%29%20med%20fritidspedagogexamen.csv,31089,fbc583fec0664d9a1ae09b670a877f1a
Förskoleklass,"Årsarbetare i huvudmannens skolor, andel (%) med förskollärarexamen",https://skolverket-statistik.s3.eu-north-1.amazonaws.com/artisan/F%C3%B6rskoleklass/%C3%85rsarbetare%20i%20huvudmannens%20skolor%2C%20andel%20%28%25%29%20med%20f%C3%B6rskoll%C3%A4rarexamen.csv,35709,8270167bf403de28655a7816f5406e16
Förskoleklass,"Årsarbetare i huvudmannens skolor, andel (%) med lärarexamen",https://skolverket-statistik.s3.eu-north-1.amazonaws.com/artisan/F%C3%B6rskoleklass/%C3%85rsarbetare%20i%20huvudmannens%20skolor%2C%20andel%20%28%25%29%20med%20l%C3%A4rarexamen.csv,32376,5abe51492df42ab3c241eab2b7b98d6e
Förskoleklass,"Årsarbetare i huvudmannens skolor, antal per 100 elever",https://skolverket-statistik.s3.eu-north-1.amazonaws.com/artisan/F%C3%B6rskoleklass/%C3%85rsarbetare%20i%20huvudmannens%20skolor%2C%20antal%20per%20100%20elever.csv,37234,ac9cdf4f4fbdaa0cfd8eb09e931d77e1
Förskoleklass,"Årsarbetare, andel (%) med pedagogisk högskoleexamen, enskild regi",https://skolverket-statistik.s3.eu-north-1.amazonaws.com/artisan/F%C3%B6rskoleklass/%C3%85rsarbetare%2C%20andel%20%28%25%29%20med%20pedagogisk%20h%C3%B6gskoleexamen%2C%20enskild%20regi.csv,20804,5027b5854dee1053df2da71014ef6595
Förskoleklass,"Årsarbetare, antal i enskild förskoleklass",https://skolverket-statistik.s3.eu-north-1.amazonaws.com/artisan/F%C3%B6rskoleklass/%C3%85rsarbetare%2C%20antal%20i%20enskild%20f%C3%B6rskoleklass.csv,20699,d7eb41362dbcccb9d3aaf28667cfea4e
Förskoleklass,"Årsarbetare, antal i huvudmannens skolor",https://skolverket-statistik.s3.eu-north-1.amazonaws.com/artisan/F%C3%B6rskoleklass/%C3%85rsarbetare%2C%20antal%20i%20huvudmannens%20skolor.csv,24877,527a663cabe9704c32692ed0faca216a
Förskoleklass,"Årsarbetare, antal per 100 elever, enskild regi",https://skolverket-statistik.s3.eu-north-1.amazonaws.com/artisan/F%C3%B6rskoleklass/%C3%85rsarbetare%2C%20antal%20per%20100%20elever%2C%20enskild%20regi.csv,20970,96e33b0e402776f99f94e366a25c06aa
Öppna verksamheter,"Öppen fritidsverksamhet för 10-12 år, antal verksamheter",https://skolverket-statistik.s3.eu-north-1.amazonaws.com/artisan/%C3%96ppna%20verksamheter/%C3%96ppen%20fritidsverksamhet%20f%C3%B6r%2010-12%20%C3%A5r%2C%20antal%20verksamheter.csv,21427,e5571b5344ebb5d87a61da296e62e119
